ISO,country,unicef_region,income_group,data_year,stunting_national,stunting_national_ll,stunting_national_ul,stunting_male,stunting_female,stunting_urban,stunting_rural,stunting_Q1_poorest,stunting_Q2,stunting_Q3,stunting_Q4,stunting_Q5_richest,stunting_gender_gap,stunting_wealth_gap,stunting_urban_rural_gap,wasting_national,wasting_national_ll,wasting_national_ul,wasting_male,wasting_female,wasting_urban,wasting_rural,wasting_Q1_poorest,wasting_Q2,wasting_Q3,wasting_Q4,wasting_Q5_richest,wasting_gender_gap,wasting_wealth_gap,wasting_urban_rural_gap,overweight_national,overweight_national_ll,overweight_national_ul,overweight_male,overweight_female,overweight_urban,overweight_rural,overweight_Q1_poorest,overweight_Q2,overweight_Q3,overweight_Q4,overweight_Q5_richest,overweight_gender_gap,overweight_wealth_gap,overweight_urban_rural_gap,wasted_only_pct,wasted_and_stunted_pct,stunted_only_pct,stunted_and_overweight_pct,overweight_only_pct,free_from_malnutrition_pct,any_malnutrition_pct,model_year,stunting_model_national,stunting_model_national_ll,stunting_model_national_ul,stunting_model_male,stunting_model_female,stunting_model_male_ll,stunting_model_male_ul,stunting_model_female_ll,stunting_model_female_ul,stunting_model_gender_gap,overweight_model_national,overweight_model_national_ll,overweight_model_national_ul,overweight_model_male,overweight_model_female,overweight_model_male_ll,overweight_model_male_ul,overweight_model_female_ll,overweight_model_female_ul,overweight_model_gender_gap,double_burden_index,malnutrition_composite_score,nutrition_transition_flag,female_married_by_15,female_married_by_18,male_married_by_18,marriage_gap_18,early_marriage_ratio,anc4_15_19_pct,modern_contraceptive_pct,ors_usage_pct,fgm_prevalence_pct,fgm_urban_pct,fgm_rural_pct,fgm_wealth_Q1_poorest,fgm_wealth_Q2,fgm_wealth_Q3,fgm_wealth_Q4,fgm_wealth_Q5_richest,fgm_wealth_gap,fgm_urban_rural_gap,oos_primary_f,oos_upsec_f,completion_primary_f,literacy_f,completion_primary_gap,oos_upsec_gap,wat_bas_nat,san_bas_nat,hyg_bas_nat,bcg_coverage
AFG,Afghanistan,SA,Low Income,2022.0,44.6,43.6,45.6,45.7,43.5,33.3,47.8,,,,,,2.200000000000003,,14.5,3.6,3.3,3.9,3.7,3.5,2.9,3.8,,,,,,0.2000000000000001,,0.8999999999999999,4.5,4.2,4.9,4.7,4.3,4.7,4.4,,,,,,0.4000000000000003,,-0.2999999999999998,2.3,1.3,40.9,2.4,2.1,50.9,49.1,2024,42.0,38.7,45.5,42.7,41.4,39.3,46.2,38.0,44.8,1.3000000000000045,4.4,3.2,6.0,4.7,4.1,3.4,6.5,2.9,5.6,0.6000000000000005,49.1,17.566666666666666,0.0,10.0,29.0,7.0,22.0,0.3448275862068966,16.16052,5.96713,38.37225,,,,,,,,,,,,69.3785,40.2,32.11322,-27.0,23.30605,65.66,38.33,7.73,68.0
AGO,Angola,ESA,Lower Middle Income,2015.0,37.6,35.7,39.5,41.0,34.1,31.8,45.7,47.4,45.1,38.7,26.6,20.4,6.899999999999999,27.0,13.900000000000002,4.9,4.3,5.6,5.6,4.3,4.6,5.4,5.7,5.6,4.9,4.0,3.5,1.2999999999999998,2.2,0.8000000000000007,3.4,2.8,4.0,3.1,3.6,4.0,2.6,2.5,2.6,3.7,4.2,4.5,-0.5,-2.0,-1.4,2.9,2.0,34.1,1.4,2.0,57.6,42.4,2024,47.7,39.4,56.1,50.5,44.8,42.4,58.7,36.9,53.0,5.700000000000003,4.7,2.2,9.8,5.1,4.4,2.4,10.5,2.1,9.1,0.6999999999999993,41.0,15.3,0.0,8.0,30.0,6.0,24.0,0.2666666666666666,56.022000000000006,7.598630000000001,38.30452,,,,,,,,,,,,,48.7,70.58513,-4.699999999999996,,,,,68.0
ALB,Albania,EECA,Upper Middle Income,2017.0,11.3,9.7,13.1,11.6,11.0,10.5,12.2,17.1,10.5,7.3,11.3,9.2,0.5999999999999996,7.900000000000002,1.6999999999999993,1.6,1.1,2.2,1.2,2.0,1.3,1.9,2.6,1.6,1.3,1.7,0.2,-0.8,2.4,0.5999999999999999,16.4,14.5,18.5,17.4,15.4,15.6,17.4,14.7,16.8,16.5,17.2,17.4,1.9999999999999984,-2.6999999999999997,1.799999999999999,1.5,0.1,7.3,4.0,12.4,74.8,25.200000000000003,2024,7.4,5.8,9.4,7.9,6.9,6.1,10.1,5.3,8.9,1.0,16.7,9.6,27.4,17.7,15.6,10.3,28.8,8.8,26.4,2.1,27.7,9.766666666666666,1.0,1.0,12.0,1.0,11.0,0.0833333333333333,69.48415,12.89609,,,,,,,,,,,,3.54685,17.90967,92.50047398099804,99.02019,1.0531962221782862,0.9326599999999984,81.91,87.98,87.3,99.0
ARG,Argentina,LAC,Upper Middle Income,2018.0,8.7,7.4,10.1,9.7,7.6,,,12.4,8.4,8.3,6.0,4.6,2.1,7.800000000000001,,1.7,1.2,2.5,2.2,1.3,,,1.7,1.5,1.1,1.9,2.8,0.9000000000000001,-1.1,,12.4,10.9,14.0,12.0,12.8,,,9.9,11.4,17.8,13.5,11.7,-0.8000000000000007,-1.799999999999999,,1.6,0.1,7.0,1.6,10.8,78.9,21.099999999999994,2024,10.7,8.6,13.1,11.7,9.7,9.5,14.4,7.8,12.0,2.0,14.3,8.7,22.6,15.1,13.4,9.2,24.0,8.1,21.4,1.6999999999999993,21.1,7.599999999999999,1.0,2.0,16.0,,,0.125,,,,,,,,,,,,,,1.23071,4.53001,97.2,99.62893,2.1000000000000085,-8.852160000000001,,83.11,77.57,81.0
ARM,Armenia,EECA,Upper Middle Income,2016.0,9.4,7.8,11.3,10.9,7.8,6.2,13.4,12.0,11.5,11.5,6.2,5.9,3.1000000000000005,6.1,7.2,4.4,3.4,5.8,4.0,5.0,3.3,5.9,6.1,6.0,4.6,2.3,3.0,-1.0,3.1,2.6000000000000005,13.7,11.5,16.2,14.6,12.7,11.5,16.5,16.8,16.3,15.1,12.5,8.5,1.9000000000000004,8.3,5.0,4.2,0.2,5.8,3.3,10.4,76.0,24.0,2024,6.2,4.6,8.2,6.5,5.8,4.9,8.6,4.4,7.8,0.7000000000000002,12.9,6.9,22.8,13.6,12.0,7.5,23.7,6.4,21.5,1.5999999999999996,23.1,9.166666666666666,1.0,0.0,5.0,0.0,5.0,0.0,93.21395,21.85565,,,,,,,,,,,,7.65189,,99.12933111190796,99.87619,-0.870668888092041,,96.59,88.85,97.52,98.0
AUS,Australia,EAP,High Income,2007.0,1.9,1.1,3.1,2.0,1.8,,,,,,,,0.1999999999999999,,,0.2,,,,,,,,,,,,,,,22.0,,,,,,,,,,,,,,,0.0,0.0,1.9,0.0,8.0,90.1,9.900000000000006,2024,3.1,1.6,5.9,3.5,2.7,1.8,6.7,1.4,5.2,0.7999999999999998,26.4,15.6,41.2,27.8,25.0,16.3,43.4,14.3,40.1,2.8000000000000007,23.9,8.033333333333333,1.0,,,,,,,,,,,,,,,,,,,2.835,0.39444,,,,-1.78796,99.5,99.5,99.5,
AZE,Azerbaijan,EECA,Upper Middle Income,2023.0,6.6,5.3,8.0,6.9,6.2,6.8,6.3,8.7,6.5,5.2,6.0,6.5,0.7000000000000002,2.1999999999999997,-0.5,3.5,2.0,6.1,1.9,5.2,5.1,1.8,1.0,2.6,3.8,3.1,7.6,-3.3000000000000003,-6.6,-3.3,4.0,3.1,5.1,4.4,3.6,4.1,3.9,4.4,3.6,5.4,4.4,1.9,0.8000000000000003,2.5000000000000004,-0.1999999999999997,3.3,0.2,6.0,0.3,3.7,86.5,13.5,2024,6.8,5.9,7.9,7.2,6.4,6.3,8.4,5.5,7.4,0.7999999999999998,4.2,3.1,5.7,4.5,3.9,3.3,6.1,2.9,5.3,0.6000000000000001,10.6,4.7,0.0,0.0,15.0,0.4,14.6,0.0,34.57243,3.03945,,,,,,,,,,,,5.02217,,,99.91648,,,99.5,99.5,99.5,96.0
BDI,Burundi,ESA,Low Income,2024.0,52.8,,,56.6,49.1,,,,,,,,7.5,,,7.8,,,,,,,,,,,,,,,1.5,1.3,1.7,1.6,1.4,,,,,,,,0.2000000000000001,,,2.1,3.6,46.6,0.7,0.8,46.2,53.8,2024,55.3,53.5,56.9,58.5,52.0,56.8,60.2,50.2,53.7,6.5,2.4,1.6,3.5,2.5,2.2,1.7,3.8,1.5,3.3,0.2999999999999998,54.3,20.7,0.0,3.0,19.0,1.0,18.0,0.1578947368421052,32.3636,21.22826,30.03266,,,,,,,,,,,1.73171,57.49594,54.1,74.95891,8.100000000000001,-2.734650000000002,45.82,44.75,17.31,89.0
BEL,Belgium,WE,High Income,2023.0,1.9,,,1.4,2.4,,,,,,,,-1.0,,,0.8,,,,,,,,,,,,,,,5.4,,,7.7,3.5,,,,,,,,4.2,,,0.4,0.0,1.2,0.4,3.5,94.5,5.5,2024,2.6,2.1,3.2,2.9,2.3,2.4,3.7,1.9,2.9,0.6000000000000001,4.9,3.0,7.8,5.2,4.6,3.3,8.3,2.9,7.2,0.6000000000000005,7.300000000000001,2.7000000000000006,1.0,0.0,0.0,,,,,,,,,,,,,,,,,1.37674,1.27903,,,,-0.00638,99.5,99.5,99.5,
BEN,Benin,WCA,Lower Middle Income,2021.0,34.1,32.8,35.4,37.0,31.0,28.3,38.0,44.8,38.4,35.0,29.1,20.8,6.0,24.0,9.7,8.3,7.5,9.1,9.0,7.5,7.7,8.7,9.2,8.0,8.7,8.6,6.6,1.5,2.6,0.9999999999999992,2.9,2.5,3.3,2.9,2.9,2.9,2.9,3.1,3.1,2.8,2.2,3.2,0.0,-0.1,0.0,5.5,2.8,29.9,1.4,1.5,58.9,41.1,2024,33.2,30.0,36.6,35.9,30.4,32.7,39.6,27.4,33.7,5.5,3.7,2.6,5.4,4.0,3.5,2.8,5.7,2.4,5.0,0.5,37.0,15.1,0.0,6.0,28.0,5.0,23.0,0.2142857142857142,57.98676,4.22516,39.20768,9.2,5.2,13.1,16.2,13.5,10.3,6.6,2.3,13.9,7.899999999999999,,65.85443,44.1964694843862,40.93838,-6.81951434652072,20.020129999999995,65.86,,48.69,99.0
BFA,Burkina Faso,WCA,Low Income,2021.0,21.1,19.9,22.4,24.5,17.5,,,,,,,,7.0,,,9.3,8.6,10.1,10.6,8.0,,,,,,,,2.6,,,1.5,1.2,1.9,1.8,1.2,,,,,,,,0.6000000000000001,,,6.3,3.1,17.3,0.7,0.8,71.8,28.200000000000003,2024,19.5,18.1,21.0,21.5,17.5,20.1,23.3,16.3,19.0,4.0,2.8,2.2,3.6,3.0,2.6,2.3,3.9,2.0,3.4,0.3999999999999999,22.6,10.633333333333336,0.0,9.0,51.0,2.0,49.0,0.1764705882352941,31.99334,6.16955,26.4942,56.1,50.2,58.9,59.3,60.4,60.1,56.9,46.9,12.4,8.699999999999996,23.92632,67.6528,29.4,43.98583,-2.400000000000002,1.0457499999999982,62.81,48.37,49.95,98.0
BGD,Bangladesh,SA,Lower Middle Income,2022.0,23.6,22.0,25.2,23.8,23.3,22.0,24.1,34.3,27.2,22.0,17.8,15.2,0.5,19.1,2.1000000000000014,10.7,9.7,11.8,10.3,11.1,10.7,10.7,12.7,11.4,10.2,9.3,9.8,-0.7999999999999989,2.8999999999999986,0.0,1.6,1.2,2.1,1.4,1.8,1.5,1.6,0.6,1.3,1.4,2.0,2.7,-0.4000000000000001,-2.1,0.1,7.4,3.3,19.8,0.5,1.1,68.0,32.0,2024,25.1,23.0,27.3,25.7,24.4,23.7,27.9,22.4,26.6,1.3000000000000007,1.6,1.2,2.2,1.7,1.5,1.3,2.3,1.1,2.0,0.1999999999999999,25.200000000000003,11.966666666666669,0.0,17.0,51.0,4.0,47.0,0.3333333333333333,32.41478,46.74079,72.33476,,,,,,,,,,,1.71894,38.17939,78.8,94.37776,10.200000000000005,1.1757500000000007,89.65,86.59,92.16,99.0
BGR,Bulgaria,EECA,High Income,2014.0,7.0,,,9.5,4.1,,,,,,,,5.4,,,5.9,,,,,,,,,,,,,,,6.9,,,9.6,4.1,,,,,,,,5.5,,,4.5,0.2,7.1,1.8,5.0,81.3,18.700000000000003,2024,5.5,3.6,8.4,5.9,5.2,3.8,9.0,3.4,7.9,0.7000000000000002,5.5,2.4,12.1,5.8,5.1,2.6,12.7,2.2,11.3,0.7000000000000002,13.9,6.6000000000000005,0.0,,,,,,,,,,,,,,,,,,,7.03937,12.36526,,97.65106,,4.019039999999999,,,,97.0
BHR,Bahrain,MENA,High Income,1995.0,13.6,,,,,,,,,,,,,,,6.6,,,,,,,,,,,,,,,7.5,,,,,,,,,,,,,,,,,,,,,,2024,4.6,2.0,10.1,5.2,4.1,2.3,11.4,1.8,9.0,1.1000000000000003,,,,,,,,,,,21.1,9.233333333333333,0.0,,,,,,,,,,,,,,,,,,,1.27283,5.2634,,94.9168,,-1.6900000000000004,99.5,99.5,99.5,
BIH,Bosnia and Herzegovina,EECA,Upper Middle Income,2012.0,8.9,6.9,11.3,8.9,8.9,10.8,7.9,10.1,9.6,6.8,7.6,10.3,0.0,-0.200000000000001,-2.9000000000000004,2.3,1.5,3.7,2.3,2.4,1.8,2.6,1.9,2.9,2.6,1.5,2.7,-0.1,-0.8000000000000003,0.8,17.4,15.0,20.0,16.7,18.0,21.1,15.6,13.6,15.4,15.7,20.7,20.7,-1.3000000000000007,-7.1,-5.500000000000002,2.3,0.0,4.9,3.9,13.4,75.4,24.599999999999994,2024,7.9,4.9,12.5,8.4,7.4,5.4,13.1,4.6,11.7,1.0,13.0,5.6,27.3,13.8,12.2,6.3,27.9,5.4,25.5,1.6000000000000014,26.3,9.533333333333331,1.0,0.0,4.0,0.0,4.0,0.0,,,,,,,,,,,,,,,,99.9,99.66747,0.7000000000000028,,99.5,78.9,59.9,97.0
BLR,Belarus,EECA,Upper Middle Income,2023.0,1.2,,,,,,,,,,,,,,,1.3,,,,,,,,,,,,,,,3.0,,,,,,,,,,,,,,,1.9,0.3,3.2,1.0,8.8,84.9,15.099999999999994,2024,1.1,1.0,1.4,1.2,1.1,1.0,1.5,0.9,1.3,0.0999999999999998,3.4,2.5,4.6,3.6,3.2,2.7,5.0,2.3,4.3,0.3999999999999999,4.2,1.8333333333333333,1.0,0.0,5.0,2.0,3.0,0.0,,,,,,,,,,,,,,4.17454,0.14606,99.5,,-0.5,-1.49634,99.5,99.5,99.5,98.0
BLZ,Belize,LAC,Upper Middle Income,2015.0,15.0,12.9,17.3,16.2,13.7,10.6,17.6,26.1,14.5,12.5,10.4,5.4,2.5,20.700000000000003,7.000000000000002,1.8,1.2,2.6,2.1,1.4,2.8,1.1,0.7,1.5,2.0,3.1,2.1,0.7000000000000002,-1.4,-1.6999999999999995,7.3,6.0,8.9,8.0,6.5,10.6,5.3,3.8,6.8,8.4,11.0,7.8,1.5,-4.0,-5.3,1.7,0.1,14.2,0.6,6.7,76.7,23.3,2024,11.7,8.5,15.9,12.8,10.5,9.5,17.2,7.7,14.5,2.3000000000000007,5.6,2.8,10.9,6.0,5.3,3.1,11.6,2.6,10.4,0.7000000000000002,22.3,8.033333333333333,0.0,6.0,34.0,22.0,12.0,0.1764705882352941,,,,,,,,,,,,,,1.10702,33.87199,86.3,,7.899999999999991,-4.023150000000001,,,,85.0
BOL,Bolivia (Plurinational State of),LAC,Lower Middle Income,2016.0,16.1,14.9,17.3,16.1,16.1,12.2,24.0,,,,,,0.0,,11.8,2.0,1.5,2.5,2.5,1.4,2.1,1.7,,,,,,1.1,,-0.4000000000000001,10.1,9.1,11.3,11.1,9.2,10.9,8.7,,,,,,1.9000000000000004,,-2.200000000000001,1.7,0.3,13.7,2.2,8.0,74.2,25.8,2024,10.7,8.2,13.8,11.8,9.7,9.2,15.1,7.5,12.6,2.1000000000000014,9.9,5.2,18.0,10.5,9.2,5.8,18.4,5.0,16.6,1.3000000000000007,26.200000000000003,9.4,0.0,3.0,20.0,5.0,15.0,0.15,69.22243,26.55486,28.27076,,,,,,,,,,,8.02437,18.19615,,99.40421,,1.2532899999999998,,,,68.0
BRA,Brazil,LAC,Upper Middle Income,2019.0,8.0,7.1,8.9,9.0,6.9,,,8.5,10.5,8.9,7.2,4.4,2.1,4.1,,3.4,2.9,4.1,3.8,3.1,,,3.6,3.4,4.1,3.5,2.5,0.6999999999999997,1.1,,9.6,8.7,10.6,10.0,9.2,,,8.3,8.8,10.1,10.7,10.3,0.8000000000000007,-2.0,,2.5,0.5,5.8,1.3,9.0,81.3,18.700000000000003,2024,8.9,7.4,10.7,9.7,8.1,8.1,11.7,6.7,9.8,1.5999999999999996,10.9,6.8,16.9,11.6,10.2,7.4,17.8,6.4,15.9,1.4000000000000004,17.6,7.0,1.0,6.0,26.0,,,0.2307692307692307,75.34401,47.17056,57.33195,,,,,,,,,,,1.90702,15.69928,97.2,99.3467,3.1000000000000085,-2.9268400000000003,,86.12,,95.0
BRB,Barbados,LAC,High Income,2012.0,7.7,5.3,11.0,8.9,6.4,8.0,7.2,7.5,8.6,7.9,10.1,3.1,2.5,4.4,-0.7999999999999998,6.8,4.5,10.0,8.3,5.0,8.1,4.4,10.0,6.0,4.9,6.2,6.9,3.3000000000000007,3.1,-3.6999999999999993,12.2,9.1,16.2,11.3,13.3,11.4,13.7,11.1,6.7,12.8,16.9,13.0,-2.0,-1.9000000000000004,2.299999999999999,5.7,1.0,4.9,1.8,10.5,76.1,23.90000000000001,2024,5.8,3.4,9.6,6.5,5.0,3.9,10.9,3.0,8.6,1.5,13.0,5.6,27.5,13.8,12.2,6.0,29.0,5.3,25.9,1.6000000000000014,19.9,8.9,1.0,8.0,29.0,,,0.2758620689655172,,,,,,,,,,,,,,9.48555,,99.2,99.9,0.5,,99.5,99.5,99.5,
BRN,Brunei Darussalam,EAP,High Income,2009.0,19.6,17.4,22.1,22.6,16.8,,,,,,,,5.800000000000001,,,2.9,2.0,4.1,2.8,3.0,,,,,,,,-0.2000000000000001,,,8.3,6.8,10.1,8.8,7.8,,,,,,,,1.0000000000000009,,,2.3,0.6,18.4,0.6,7.7,70.4,29.599999999999994,2024,9.9,5.6,17.2,11.0,8.8,6.2,19.3,4.9,15.4,2.1999999999999997,9.5,3.7,22.3,10.1,8.8,3.9,23.5,3.3,21.6,1.299999999999999,27.9,10.266666666666667,0.0,,,,,,,,,,,,,,,,,,,3.78184,16.38018,,99.54606,,-3.811540000000001,,99.5,99.5,99.0
BTN,Bhutan,SA,Lower Middle Income,2023.0,17.9,,,18.5,17.2,,,,,,,,1.3000000000000007,,,5.1,,,4.9,5.4,,,,,,,,-0.5,,,7.6,6.5,8.8,7.5,7.6,10.0,6.6,6.2,7.1,8.4,6.3,10.2,-0.0999999999999996,-3.999999999999999,-3.4000000000000004,4.6,1.3,27.7,4.6,3.0,58.9,41.1,2024,17.9,15.8,20.1,18.6,17.2,16.4,21.0,15.2,19.4,1.400000000000002,8.0,3.2,18.7,8.5,7.4,3.5,19.5,3.0,17.5,1.0999999999999996,25.5,10.2,0.0,6.0,26.0,,,0.2307692307692307,,,,,,,,,,,,,,17.41901,26.91393,70.8,84.48774,4.299999999999997,-7.363860000000002,65.11,88.09,,99.0
BWA,Botswana,ESA,Upper Middle Income,2007.0,28.9,26.6,31.3,31.6,26.3,25.7,32.1,33.9,34.0,30.7,21.5,19.3,5.300000000000001,14.599999999999998,6.400000000000002,7.3,6.2,8.6,7.5,7.1,6.7,7.8,9.2,8.7,7.9,5.5,4.5,0.4000000000000003,4.699999999999999,1.0999999999999996,10.0,8.6,11.4,9.6,10.3,12.5,7.3,6.6,9.3,9.4,11.7,15.4,-0.7000000000000011,-8.8,-5.2,6.0,1.4,22.8,4.8,5.1,60.0,40.0,2024,21.0,12.0,34.1,23.3,18.6,13.6,37.5,10.4,31.3,4.699999999999999,11.5,4.2,27.6,12.2,10.7,4.6,28.9,3.9,26.5,1.5,38.9,15.4,0.0,,,,,,,,,,,,,,,,,,,10.0938,,,99.4,,,,,,98.0
CAF,Central African Republic,WCA,Low Income,2022.0,37.9,,,40.8,34.9,,,,,,,,5.899999999999999,,,5.2,,,,,,,,,,,,,,,1.5,1.2,1.8,1.5,1.5,,,,,,,,0.0,,,2.1,3.1,36.6,0.6,0.9,56.7,43.3,2024,38.9,36.3,41.7,41.5,36.3,38.8,44.4,33.7,39.1,5.200000000000003,2.3,1.5,3.4,2.4,2.1,1.6,3.7,1.4,3.2,0.2999999999999998,39.4,14.866666666666667,0.0,26.0,61.0,17.0,44.0,0.4262295081967213,41.15629,1.51483,18.6125,,,,,,,,,,,39.82737,89.79351,33.1,26.97133,-20.7,11.28895,,,,61.0
CHL,Chile,LAC,High Income,2014.0,1.8,,,2.1,1.6,,,,,,,,0.5,,,0.3,,,0.3,0.2,,,,,,,,0.0999999999999999,,,9.3,,,10.0,8.7,,,,,,,,1.3000000000000007,,,,,,,,,,2024,1.7,1.2,2.4,1.9,1.5,1.4,2.7,1.1,2.1,0.3999999999999999,8.7,4.5,16.3,9.3,8.1,4.8,17.2,4.1,15.7,1.200000000000001,11.1,3.8,1.0,,,,,,,,,,,,,,,,,,,5.06774,6.49658,,99.44056,,-0.71861,,,,99.0
CHN,China,EAP,Upper Middle Income,2017.0,4.8,,,,,,,,,,,,,,,1.9,,,,,,,,,,,,,,,8.5,,,,,,,,,,,,,,,1.7,0.1,6.7,1.3,7.9,82.3,17.700000000000003,2024,4.5,3.4,5.9,4.8,4.2,3.7,6.4,3.2,5.5,0.5999999999999996,11.1,6.1,19.5,11.8,10.4,6.5,20.7,5.8,18.0,1.4000000000000004,13.3,5.066666666666666,1.0,0.0,3.0,1.0,2.0,0.0,,,,,,,,,,,,,,,,97.0,99.59304,-0.0999999999999943,,,,,99.0
CIV,Cote d'Ivoire,WCA,Lower Middle Income,2021.0,23.4,21.8,25.1,24.3,22.6,18.0,28.2,30.4,28.4,22.8,17.7,10.9,1.6999999999999993,19.5,10.2,8.1,7.0,9.3,9.0,7.1,7.6,8.5,6.9,8.8,8.9,8.4,7.3,1.9000000000000004,-0.3999999999999994,0.9000000000000004,3.4,2.4,4.9,3.8,3.1,4.7,2.3,2.0,3.5,3.3,3.0,6.8,0.6999999999999997,-4.8,-2.4000000000000004,5.9,2.1,20.1,1.2,2.3,68.3,31.700000000000003,2024,20.3,17.8,22.9,22.3,18.3,19.7,25.2,16.1,20.8,4.0,3.5,2.4,5.2,3.8,3.3,2.6,5.6,2.2,4.9,0.5,26.8,11.633333333333333,0.0,7.0,26.0,2.0,24.0,0.2692307692307692,39.65555,6.86716,11.05056,36.7,30.8,43.8,50.0,44.2,43.3,34.3,20.0,30.0,12.999999999999996,15.08671,69.05303,53.1,47.03975,-6.600000000000001,12.388960000000004,52.16,,,88.0
CMR,Cameroon,WCA,Lower Middle Income,2018.0,28.9,27.1,30.8,31.2,26.6,19.8,36.2,40.4,38.7,27.8,20.2,9.1,4.599999999999998,31.3,16.400000000000002,4.3,3.4,5.4,5.0,3.6,3.6,4.8,7.8,4.1,2.8,3.1,2.7,1.4,5.1,1.1999999999999995,11.0,9.2,13.0,12.2,9.7,10.3,11.5,10.8,10.0,12.7,10.4,11.3,2.5,-0.5,1.1999999999999993,3.1,1.2,23.3,4.4,6.6,61.4,38.6,2024,27.2,23.0,31.8,29.7,24.7,25.4,34.5,20.9,29.1,5.0,13.6,8.3,21.5,14.4,12.7,9.0,22.4,7.9,20.1,1.700000000000001,39.9,14.733333333333333,0.0,11.0,30.0,3.0,27.0,0.3666666666666666,55.33956,12.23916,18.22241,1.4,0.9,2.1,1.3,4.0,1.0,0.9,0.7,0.6000000000000001,1.2000000000000002,9.05306,57.20897,63.9,76.42093,-2.8000000000000043,8.82074,23.72,56.15,77.86,93.0
COD,Democratic Republic of the Congo,WCA,Low Income,2023.0,44.7,,,47.2,42.0,,,,,,,,5.200000000000003,,,7.2,,,7.4,6.9,,,,,,,,0.5,,,3.8,,,4.1,3.4,,,,,,,,0.6999999999999997,,,4.1,2.4,37.5,1.9,1.9,52.2,47.8,2024,44.1,40.9,47.3,47.0,41.1,43.8,50.3,38.0,44.4,5.899999999999999,4.2,3.1,5.6,4.4,3.9,3.3,5.9,2.9,5.2,0.5000000000000004,48.5,18.566666666666663,0.0,8.0,29.0,6.0,23.0,0.2758620689655172,49.89312,5.44869,34.583209999999994,,,,,,,,,,,,,66.4,79.71484,-5.0,,,,,77.0
COG,Congo,WCA,Lower Middle Income,2014.0,21.2,19.7,22.7,22.4,20.0,17.1,27.9,30.4,24.4,18.3,13.9,14.5,2.3999999999999986,15.9,10.799999999999995,8.2,7.1,9.4,8.7,7.6,9.6,5.9,6.1,9.8,7.2,8.1,10.5,1.0999999999999996,-4.4,-3.6999999999999993,5.9,4.7,7.5,4.8,7.0,7.9,2.7,2.2,6.9,6.1,6.3,9.7,-2.2,-7.499999999999999,-5.2,6.8,1.4,17.8,2.0,3.9,68.1,31.90000000000001,2024,16.3,11.5,22.6,18.1,14.4,13.0,24.8,10.2,20.2,3.700000000000001,5.3,2.5,11.0,5.7,4.9,2.6,11.8,2.3,10.2,0.7999999999999998,27.1,11.766666666666666,0.0,7.0,27.0,6.0,21.0,0.2592592592592592,75.87832,26.34879,30.35543,,,,,,,,,,,9.1456,,81.66994420273112,76.94608,3.334779909006386,,54.35,,,67.0
COL,Colombia,LAC,Upper Middle Income,2016.0,12.7,11.8,13.7,14.4,11.0,,,,,,,,3.4000000000000004,,,1.6,1.4,2.0,1.7,1.6,,,,,,,,0.0999999999999998,,,5.7,5.1,6.4,6.7,4.7,,,,,,,,2.0,,,1.5,0.2,11.6,1.0,4.8,81.0,19.0,2024,11.6,8.9,15.0,12.6,10.5,9.8,16.3,8.1,13.6,2.1,6.8,3.5,12.6,7.2,6.3,3.8,13.2,3.3,11.6,0.9000000000000004,18.4,6.666666666666667,0.0,5.0,23.0,7.0,16.0,0.217391304347826,85.75635,60.46019,50.77069,,,,,,,,,,,5.90496,14.81339,94.7,99.02527,3.299999999999997,-2.1080799999999997,,84.58,16.93,85.0
COM,Comoros,ESA,Lower Middle Income,2022.0,18.2,16.5,19.9,19.2,17.1,15.5,19.4,26.3,19.1,15.7,15.6,12.5,2.099999999999998,13.8,3.899999999999999,5.1,4.3,5.9,5.9,4.2,5.4,4.9,4.5,6.0,6.0,4.2,4.4,1.7000000000000002,0.0999999999999996,-0.5,4.0,3.3,4.8,3.5,4.5,3.5,4.3,3.8,3.5,3.9,4.4,4.5,-1.0,-0.7000000000000002,0.7999999999999998,4.2,0.9,16.1,1.2,2.8,74.8,25.200000000000003,2024,17.4,15.3,19.8,19.3,15.5,17.1,22.0,13.7,17.7,3.8000000000000007,3.9,2.8,5.5,4.2,3.7,3.0,5.9,2.6,5.2,0.5,22.2,9.1,0.0,5.0,21.0,7.0,14.0,0.238095238095238,37.52539,13.45875,30.69419,,,,,,,,,,,16.40568,54.82458,76.8,69.59522,1.7000000000000028,-2.6085800000000035,,,,84.0
CPV,Cabo Verde,WCA,Lower Middle Income,2018.0,6.0,,,6.2,5.9,4.5,8.6,11.3,5.2,4.2,2.3,6.9,0.2999999999999998,4.4,4.1,2.4,,,1.5,3.4,2.7,1.9,2.5,3.2,0.4,2.8,3.7,-1.9,-1.2000000000000002,-0.8000000000000003,6.1,,,6.6,5.6,6.2,5.9,4.7,4.0,6.8,3.8,12.6,1.0,-7.899999999999999,-0.2999999999999998,,,,,,,,2024,5.3,3.9,7.1,5.9,4.7,4.4,8.0,3.5,6.3,1.2000000000000002,8.4,4.6,14.8,8.9,7.8,4.9,15.9,4.3,13.8,1.1000000000000003,12.1,4.833333333333333,1.0,2.0,8.0,2.0,6.0,0.25,,,,,,,,,,,,,,14.49037,32.03883,,98.73018,,-4.827210000000001,,92.8,86.2,99.0
CRI,Costa Rica,LAC,Upper Middle Income,2018.0,9.0,6.5,12.4,10.2,7.7,10.4,6.0,8.8,8.4,6.8,8.7,13.7,2.499999999999999,-4.899999999999999,-4.4,1.8,1.3,2.5,1.8,1.8,2.0,1.3,2.0,1.5,2.4,1.3,1.7,0.0,0.3,-0.7,7.5,6.2,9.1,8.2,6.9,7.8,7.1,6.6,7.4,8.2,7.7,8.6,1.299999999999999,-2.0,-0.7000000000000002,1.5,0.2,8.4,0.3,7.2,82.3,17.700000000000003,2024,10.6,8.5,13.3,11.5,9.7,9.2,14.5,7.8,12.2,1.8000000000000007,7.9,4.6,13.2,8.4,7.3,4.9,14.1,4.3,12.4,1.1000000000000003,16.5,6.1000000000000005,0.0,2.0,17.0,,,0.1176470588235294,,,,,,,,,,,,,,3.16485,9.25538,94.8,99.25812,1.2999999999999972,-4.35004,84.17,85.07,82.97,99.0
CUB,Cuba,LAC,Upper Middle Income,2019.0,7.1,5.7,8.8,7.7,6.5,6.8,7.7,9.0,4.5,5.0,7.7,9.1,1.2000000000000002,-0.0999999999999996,0.9000000000000004,2.0,1.5,2.7,2.0,2.1,2.3,1.5,1.2,1.8,2.5,1.6,3.2,-0.1,-2.0,-0.7999999999999998,10.3,8.7,12.2,11.9,8.7,11.1,8.9,6.5,8.7,9.6,11.6,15.5,3.200000000000001,-9.0,-2.1999999999999997,2.0,0.1,6.0,1.0,9.3,81.6,18.40000000000001,2024,7.3,5.9,9.1,8.0,6.6,6.5,10.0,5.3,8.3,1.4000000000000004,10.6,6.4,17.0,11.2,9.8,6.9,17.9,5.9,16.0,1.3999999999999986,17.4,6.466666666666666,1.0,5.0,29.0,6.0,23.0,0.1724137931034483,,,,,,,,,,,,,,3.04172,14.82585,99.7,99.8952,0.4000000000000057,-8.447079999999998,99.5,95.36,99.5,99.0
CZE,Czechia,WE,High Income,2001.0,2.8,2.5,3.1,3.2,2.3,,,,,,,,0.9000000000000004,,,4.5,4.2,4.8,5.0,4.0,,,,,,,,1.0,,,4.6,4.3,5.0,4.8,4.4,,,,,,,,0.3999999999999994,,,4.6,0.1,2.3,0.4,4.0,88.7,11.299999999999995,2024,2.4,1.1,5.0,2.7,2.1,1.3,5.7,1.0,4.5,0.6000000000000001,6.6,2.0,19.6,7.0,6.1,2.1,21.3,1.8,18.6,0.9000000000000004,7.399999999999999,3.9666666666666655,1.0,,,,,,,,,,,,,,,,,,,,1.62762,,,,-0.2170499999999999,99.5,99.5,99.5,
DEU,Germany,WE,High Income,2016.0,1.3,0.5,3.1,0.4,2.2,0.4,2.4,0.0,3.1,1.1,0.7,1.1,-1.8000000000000005,-1.1,2.0,0.5,,,,,,,,,,,,,,,2.9,1.5,5.8,0.7,5.3,3.0,2.9,1.3,0.4,6.8,1.6,1.5,-4.6,-0.1999999999999999,-0.1,0.3,0.0,1.3,0.0,2.9,95.4,4.599999999999994,2024,2.2,1.6,3.1,2.5,1.9,1.8,3.6,1.4,2.8,0.6000000000000001,3.3,1.6,6.7,3.5,3.1,1.6,7.5,1.4,6.5,0.3999999999999999,4.2,1.5666666666666669,1.0,,,,,,,,,,,,,,,,,,,,,,,,,99.5,99.5,99.5,
DJI,Djibouti,ESA,Lower Middle Income,2023.0,25.5,22.9,28.2,26.9,23.8,20.8,36.2,,,,,,3.099999999999998,,15.400000000000002,12.1,,,,,,,,,,,,,,,4.2,3.0,5.8,4.4,4.0,4.8,2.7,,,,,,0.4000000000000003,,-2.1,8.1,3.4,20.5,1.6,2.6,63.8,36.2,2024,20.9,18.9,23.1,22.9,18.9,20.8,25.3,17.1,21.0,4.0,5.5,4.1,7.3,5.8,5.1,4.4,7.8,3.8,6.9,0.7000000000000002,29.7,13.933333333333335,0.0,1.0,7.0,,,0.1428571428571428,,,,90.1,88.9,97.0,,,,,,,8.099999999999994,46.24225,71.88063,,,,6.33005,,,94.95,77.0
DOM,Dominican Republic,LAC,Upper Middle Income,2019.0,6.7,6.0,7.5,7.5,5.9,6.4,7.5,9.6,7.0,5.0,5.1,6.1,1.5999999999999996,3.5,1.0999999999999996,2.2,1.8,2.7,2.6,1.7,2.2,2.2,2.9,2.1,1.7,2.1,1.8,0.9000000000000001,1.1,0.0,7.7,6.9,8.6,8.2,7.1,8.0,6.7,4.0,6.6,8.4,9.4,12.0,1.0999999999999996,-8.0,-1.2999999999999998,1.9,0.3,5.6,0.8,6.8,84.6,15.400000000000006,2024,5.6,4.7,6.8,6.2,5.0,5.2,7.5,4.2,6.1,1.2000000000000002,7.5,4.7,11.7,8.0,7.0,5.1,12.5,4.4,10.9,1.0,14.4,5.533333333333334,1.0,9.0,32.0,8.0,24.0,0.28125,94.23562,51.70661,37.999860000000005,,,,,,,,,,,5.52979,23.06926,94.4,98.86737,6.5,-2.438089999999999,,76.42,83.06,99.0
DZA,Algeria,MENA,Upper Middle Income,2019.0,9.8,9.0,10.7,11.6,7.9,9.5,10.2,13.5,8.9,8.2,8.8,8.7,3.6999999999999993,4.800000000000001,0.6999999999999993,2.7,2.3,3.1,3.0,2.4,2.9,2.4,2.9,2.5,2.9,2.2,3.1,0.6000000000000001,-0.2000000000000001,-0.5,12.8,11.9,13.7,13.4,12.1,12.4,13.2,12.4,11.9,12.9,13.3,13.8,1.3000000000000007,-1.4000000000000004,0.7999999999999989,2.5,0.2,6.8,2.8,9.9,77.7,22.3,2024,8.9,7.4,10.7,9.5,8.4,7.9,11.3,7.0,10.1,1.0999999999999996,13.3,8.5,20.2,14.1,12.5,8.9,21.8,8.1,18.9,1.5999999999999996,22.6,8.433333333333334,1.0,0.0,4.0,,,0.0,,,,,,,,,,,,,,1.56548,,94.3,,1.0,,91.12,99.5,95.47,98.0
ECU,Ecuador,LAC,Upper Middle Income,2024.0,17.4,16.6,18.3,19.2,15.6,15.3,21.2,,,,,,3.6,,5.899999999999999,0.7,0.6,0.9,0.8,0.6,0.7,0.7,,,,,,0.2,,0.0,4.5,4.1,4.9,4.7,4.3,4.9,3.7,,,,,,0.4000000000000003,,-1.2000000000000002,0.5,0.3,16.8,0.4,4.1,78.0,22.0,2024,17.7,16.3,19.2,19.3,16.1,17.9,21.0,14.9,17.6,3.1999999999999997,4.7,3.9,5.7,5.0,4.4,4.1,6.2,3.6,5.3,0.5999999999999996,21.9,7.533333333333332,0.0,4.0,22.0,,,0.1818181818181818,,,,,,,,,,,,,,1.0074,16.10604,,99.13692,,0.53932,77.15,73.27,50.67,76.0
EGY,Egypt,MENA,Lower Middle Income,2021.0,12.8,12.0,13.7,13.0,12.7,11.8,13.5,16.9,14.6,13.3,10.5,,0.3000000000000007,,1.6999999999999993,3.3,2.9,3.8,3.5,3.2,4.4,2.7,3.6,2.7,2.9,3.7,,0.2999999999999998,,-1.7000000000000002,10.1,9.4,10.8,11.3,8.8,10.8,9.6,7.7,9.5,9.7,11.3,,2.5,,-1.200000000000001,3.0,0.3,10.3,2.2,7.9,76.3,23.700000000000003,2024,12.9,11.2,14.9,13.6,12.2,11.9,15.7,10.6,14.1,1.4000000000000004,11.2,8.0,15.6,11.9,10.5,8.4,16.7,7.3,14.9,1.4000000000000004,22.9,8.733333333333334,0.0,2.0,16.0,0.2,15.8,0.125,87.1154,18.88494,26.28697,87.2,77.4,92.6,94.4,92.6,92.2,87.2,69.8,24.60000000000001,15.199999999999989,0.83096,25.31363,91.6,86.81055,1.0999999999999943,2.863810000000001,,99.5,99.5,98.0
ERI,Eritrea,ESA,Low Income,2010.0,52.5,50.9,54.1,53.5,51.6,40.4,57.8,58.9,59.0,60.8,49.3,29.1,1.8999999999999984,29.8,17.4,14.6,13.6,15.6,15.7,13.4,10.1,16.5,19.7,19.1,15.0,10.2,7.1,2.299999999999999,12.6,6.4,2.1,1.8,2.6,2.0,2.3,2.6,1.9,2.4,1.4,1.7,2.7,2.6,-0.2999999999999998,-0.2000000000000001,-0.7000000000000002,7.9,6.7,44.7,1.1,1.0,38.6,61.4,2024,48.0,34.3,61.9,51.1,44.7,37.2,64.9,31.4,59.0,6.399999999999999,2.8,1.1,7.0,2.9,2.6,1.1,7.4,1.0,6.5,0.2999999999999998,54.6,23.066666666666663,0.0,13.0,41.0,2.0,39.0,0.3170731707317073,,,,83.0,80.0,85.0,89.4,85.6,84.4,83.3,75.2,14.200000000000005,5.0,64.03557,71.44885,,,,5.193699999999993,,33.03,4.84,97.0
EST,Estonia,WE,High Income,2014.0,1.2,0.7,2.2,0.7,1.8,1.5,0.6,0.0,2.0,1.1,1.9,0.3,-1.1,-0.3,-0.9,1.5,0.9,2.7,1.7,1.4,1.8,1.1,3.1,2.0,1.9,1.0,0.3,0.3,2.8000000000000003,-0.7,5.0,3.7,6.7,5.7,4.1,5.4,4.2,9.5,7.0,4.2,4.5,4.2,1.6000000000000003,5.3,-1.2000000000000002,1.5,0.0,1.1,0.1,4.9,92.3,7.700000000000003,2024,1.3,0.8,2.1,1.5,1.1,0.9,2.4,0.7,1.8,0.3999999999999999,5.6,2.5,11.9,5.9,5.2,2.6,12.9,2.4,11.1,0.7000000000000002,6.2,2.566666666666667,1.0,,,,,,,,,,,,,,,,,,,5.67227,3.06301,,99.95904,,-1.7711,99.5,99.5,99.5,87.0
ETH,Ethiopia,ESA,Low Income,2019.0,36.8,34.3,39.4,39.8,33.6,26.2,40.4,43.3,38.6,42.2,35.2,22.6,6.199999999999996,20.7,14.2,6.8,5.8,7.9,8.5,5.1,5.4,7.3,11.0,6.9,5.2,5.9,3.9,3.4000000000000004,7.1,1.8999999999999997,2.3,1.5,3.5,2.4,2.2,2.4,2.3,2.4,2.9,1.6,2.1,2.3,0.1999999999999997,0.1,-0.1,4.1,2.7,33.1,1.0,1.3,57.8,42.2,2024,35.5,31.1,40.2,38.0,33.0,33.7,42.7,29.0,37.4,5.0,3.3,2.0,5.6,3.6,3.1,2.1,6.0,1.9,5.1,0.5,39.1,15.299999999999995,0.0,14.0,40.0,5.0,35.0,0.35,15.220210000000002,31.83477,25.18551,65.2,53.9,68.4,65.0,69.3,69.0,68.6,57.3,7.700000000000003,14.500000000000009,17.16269,75.14659,51.0,,0.0,2.553759999999997,28.5,,30.97,84.0
FIN,Finland,WE,High Income,2023.0,2.8,,,,,,,,,,,,,,,1.6,,,,,,,,,,,,,,,4.3,,,,,,,,,,,,,,,,,,,,,,2024,1.7,1.5,1.9,1.9,1.5,1.7,2.2,1.3,1.7,0.3999999999999999,4.7,3.6,6.2,5.1,4.4,3.8,6.7,3.4,5.7,0.6999999999999993,7.1,2.9,1.0,,0.0,,,,,,,,,,,,,,,,,0.77113,4.03983,,,,-0.5655599999999996,99.5,99.5,99.5,
FJI,Fiji,EAP,Upper Middle Income,2021.0,7.2,5.7,9.0,8.0,6.3,6.6,8.0,8.7,9.0,6.5,5.1,5.0,1.7000000000000002,3.6999999999999993,1.4000000000000004,4.6,3.6,5.8,4.2,5.0,5.0,4.1,4.0,4.1,4.0,4.3,7.8,-0.7999999999999998,-3.8,-0.9000000000000004,7.7,6.5,9.1,8.5,6.8,8.4,6.9,8.0,8.2,6.3,9.7,5.7,1.7000000000000002,2.3,-1.5,4.0,0.6,4.8,1.8,5.9,82.9,17.099999999999994,2024,7.2,6.2,8.4,7.7,6.7,6.5,9.0,5.7,8.0,1.0,7.3,5.0,10.6,7.8,6.8,5.4,11.2,4.7,9.9,1.0,14.9,6.5,1.0,0.0,4.0,2.0,2.0,0.0,,,,,,,,,,,,,,1.61025,22.52198,,,,-7.23171,77.62,90.54,43.11,93.0
GAB,Gabon,WCA,Upper Middle Income,2020.0,14.4,12.9,15.9,15.7,12.9,12.9,27.0,25.9,16.7,12.8,8.8,4.6,2.799999999999999,21.3,14.1,3.4,2.8,4.1,3.3,3.5,3.4,3.7,3.4,4.0,3.0,4.4,2.1,-0.2000000000000001,1.2999999999999998,0.3000000000000002,5.0,4.2,6.1,5.2,4.8,5.1,4.8,4.5,3.8,4.2,5.0,8.5,0.4000000000000003,-4.0,-0.2999999999999998,2.9,0.5,12.7,1.1,3.9,78.8,21.200000000000003,2024,13.7,11.6,16.2,15.3,12.1,13.1,18.1,10.3,14.5,3.200000000000001,6.1,3.8,9.4,6.5,5.7,4.1,10.1,3.6,8.7,0.7999999999999998,19.4,7.6,0.0,3.0,13.0,5.0,8.0,0.2307692307692307,76.47734,15.558739999999998,18.85968,,,,,,,,,,,,,66.9,89.42925,9.800000000000004,,65.78,,66.12,78.0
GBR,United Kingdom,WE,High Income,2018.0,2.0,1.9,2.0,1.8,2.1,,,,,,,,-0.3,,,0.4,,,,,,,,,,,,,,,6.5,6.4,6.6,6.3,6.6,,,,,,,,-0.2999999999999998,,,0.3,0.0,1.9,0.1,6.4,91.3,8.700000000000003,2024,3.5,3.0,4.1,3.9,3.1,3.4,4.6,2.7,3.6,0.7999999999999998,7.8,5.2,11.5,8.3,7.3,5.5,12.4,4.8,10.8,1.0000000000000009,8.5,2.966666666666667,1.0,,0.0,,,,,,,,,,,,,,,,,0.30799,1.59446,,,,-1.0542,,,,
GEO,Georgia,EECA,Upper Middle Income,2018.0,5.8,4.4,7.5,5.1,6.4,5.3,6.4,7.9,5.7,7.8,4.8,2.9,-1.3000000000000007,5.0,1.1000000000000003,0.6,0.3,1.5,0.7,0.6,0.7,0.6,0.8,0.6,0.7,0.0,1.0,0.0999999999999999,-0.1999999999999999,-0.0999999999999999,6.0,4.8,7.5,7.2,4.8,5.6,6.6,3.4,8.9,6.4,5.9,5.3,2.4000000000000004,-1.9,1.0,0.6,0.0,5.7,0.0,6.0,87.6,12.400000000000006,2024,4.7,3.7,5.9,5.0,4.4,4.0,6.3,3.5,5.6,0.5999999999999996,4.1,2.3,7.1,4.4,3.8,2.5,7.6,2.2,6.6,0.6000000000000005,11.8,4.133333333333333,1.0,0.0,9.0,1.0,8.0,0.0,,,,,,,,,,,,,,2.40786,4.63298,,99.72914,,-3.31301,,,,96.0
GHA,Ghana,WCA,Lower Middle Income,2022.0,17.4,15.9,19.0,19.4,15.3,15.1,19.6,22.8,22.0,16.9,15.5,7.5,4.099999999999998,15.3,4.500000000000002,5.8,4.9,6.8,6.6,5.0,5.7,5.9,5.6,7.6,4.7,6.1,4.7,1.5999999999999996,0.8999999999999995,0.2000000000000001,2.0,1.5,2.5,2.1,1.8,2.2,1.7,1.6,1.3,2.3,2.0,2.9,0.3,-1.2999999999999998,-0.5000000000000002,4.0,1.8,15.3,0.3,1.7,77.0,23.0,2024,15.6,13.9,17.5,17.3,13.8,15.5,19.5,12.4,15.7,3.5,1.8,1.3,2.5,1.9,1.7,1.4,2.7,1.2,2.4,0.1999999999999999,19.4,8.4,0.0,3.0,16.0,2.0,14.0,0.1875,80.57997,16.68087,59.200660000000006,2.4,1.2,3.6,7.3,2.1,1.7,0.9,1.0,6.3,2.4000000000000004,15.11771,31.1573,67.8,83.23453,4.0,-0.0855199999999989,78.48,58.73,53.56,92.0
GIN,Guinea,WCA,Lower Middle Income,2022.0,26.1,24.5,27.8,29.1,23.2,,,,,,,,5.900000000000002,,,6.4,5.6,7.3,7.2,5.6,,,,,,,,1.6000000000000003,,,3.3,2.6,4.2,3.5,3.2,,,,,,,,0.2999999999999998,,,3.9,2.6,22.1,0.7,2.6,68.1,31.90000000000001,2024,26.6,24.2,29.2,28.7,24.5,26.2,31.5,22.2,27.2,4.199999999999999,4.4,3.2,6.1,4.7,4.1,3.4,6.5,3.0,5.7,0.6000000000000005,29.4,11.933333333333332,0.0,17.0,47.0,2.0,45.0,0.3617021276595745,55.81027,2.5509500000000003,30.57947,94.5,94.8,94.3,94.6,94.0,93.3,95.5,95.0,-0.4000000000000057,-0.5,28.70171,75.37248,49.06192949093671,37.21018,-8.64883678236091,16.608239999999995,,52.13,,75.0
GMB,Gambia,WCA,Low Income,2020.0,17.5,15.8,19.2,18.5,16.4,16.3,19.7,22.5,19.5,15.7,13.4,15.3,2.1000000000000014,7.199999999999999,3.3999999999999986,5.1,4.3,6.0,5.9,4.1,4.9,5.3,3.9,5.8,5.1,6.5,4.2,1.8000000000000007,-0.3000000000000002,0.3999999999999994,2.1,1.7,2.8,2.0,2.3,2.5,1.5,1.5,2.8,1.8,1.2,3.6,-0.2999999999999998,-2.1,-1.0,3.6,1.5,15.7,0.3,1.8,77.1,22.90000000000001,2024,14.0,12.3,15.9,15.6,12.4,13.9,17.6,11.0,14.2,3.1999999999999997,2.7,1.8,4.1,2.9,2.5,1.9,4.4,1.7,3.8,0.3999999999999999,19.6,8.233333333333334,0.0,6.0,23.0,0.0,23.0,0.2608695652173913,73.69305,2.19927,45.5456,72.6,74.5,67.1,64.5,73.2,80.1,75.9,68.7,-4.200000000000003,-7.400000000000006,16.58748,,57.3,56.12098,1.0,,,64.98,,79.0
GNB,Guinea-Bissau,WCA,Low Income,2019.0,28.1,25.8,30.6,31.4,24.8,,,,,,,,6.599999999999998,,,7.8,6.9,8.9,8.5,7.1,,,,,,,,1.4000000000000004,,,2.2,1.8,2.7,3.1,1.3,,,,,,,,1.8,,,4.9,3.0,24.1,1.1,1.1,65.9,34.099999999999994,2024,28.3,25.2,31.7,30.7,25.9,27.5,34.2,23.0,29.1,4.800000000000001,3.6,2.3,5.5,3.9,3.3,2.5,5.9,2.2,5.1,0.6000000000000001,30.3,12.7,0.0,8.0,26.0,2.0,24.0,0.3076923076923077,,,,52.1,42.7,58.6,41.2,61.6,69.8,53.5,37.7,3.5,15.9,,,25.9,49.75632,-7.0,,63.17,36.88,74.69,71.0
GNQ,Equatorial Guinea,WCA,Upper Middle Income,2011.0,26.2,,,30.3,22.2,20.2,31.5,28.4,28.7,35.2,26.5,19.0,8.100000000000001,9.4,11.3,3.1,,,2.7,3.6,2.1,4.0,5.3,1.6,2.6,6.5,0.6,-0.8999999999999999,4.7,1.9,9.7,,,11.6,7.9,9.3,10.1,14.1,5.3,13.5,8.1,9.1,3.6999999999999993,5.0,0.7999999999999989,1.3,1.4,28.6,3.0,5.7,60.0,40.0,2024,17.1,10.7,26.3,18.8,15.4,12.0,28.6,9.6,24.0,3.4000000000000004,7.5,3.0,17.4,8.0,7.0,3.3,18.2,2.8,16.5,1.0,35.9,13.0,0.0,9.0,30.0,4.0,26.0,0.3,,,,,,,,,,,,,,55.32296,,,98.7,,,,,,77.0
GRC,Greece,WE,High Income,2003.0,1.5,1.0,2.0,1.0,1.9,,,,,,,,-0.8999999999999999,,,1.5,,,,,,,,,,,,,,,13.6,12.2,15.1,13.2,13.9,,,,,,,,-0.7000000000000011,,,0.6,0.0,1.2,0.3,13.3,84.7,15.299999999999995,2024,2.0,0.9,4.2,2.2,1.7,1.1,4.6,0.8,3.7,0.5000000000000002,13.5,4.4,34.8,14.3,12.6,4.7,36.4,4.1,32.8,1.700000000000001,15.1,5.533333333333334,1.0,,,,,,,,,,,,,,,,,,,7.10629,10.85319,,98.90698,,1.2029199999999989,,,,
GTM,Guatemala,LAC,Upper Middle Income,2021.0,46.0,,,47.1,44.9,34.9,49.5,,,,,,2.200000000000003,,14.6,0.8,,,1.0,0.6,0.7,0.8,,,,,,0.4,,0.1,4.9,4.5,5.4,5.1,4.8,5.4,4.7,4.6,4.2,4.6,4.8,7.6,0.2999999999999998,-3.0,-0.7000000000000002,0.3,0.4,44.7,1.6,3.4,49.6,50.4,2024,44.6,40.7,48.5,47.2,41.9,43.4,51.2,37.9,46.1,5.300000000000004,3.7,1.9,7.2,4.0,3.5,2.1,7.6,1.8,6.6,0.5,50.9,17.23333333333333,0.0,6.0,30.0,10.0,20.0,0.2,84.33547999999999,31.26946,48.761,,,,,,,,,,,11.55852,60.62377,76.9,93.26925,-6.099999999999994,4.5789899999999975,,72.15,,83.0
GUY,Guyana,LAC,High Income,2019.0,9.5,7.9,11.5,11.4,7.6,10.0,9.4,13.8,9.6,4.4,6.6,10.9,3.8000000000000007,2.9000000000000004,-0.5999999999999996,6.5,5.2,8.0,7.3,5.6,4.7,7.0,4.6,5.7,10.0,6.2,7.1,1.7000000000000002,-2.5,2.3,6.5,4.9,8.5,6.0,7.0,5.7,6.7,4.8,3.8,11.2,6.4,7.7,-1.0,-2.9000000000000004,1.0,5.6,0.8,7.5,0.8,5.7,79.6,20.40000000000001,2024,7.1,5.9,8.5,7.8,6.4,6.4,9.5,5.3,7.8,1.3999999999999997,5.0,3.1,8.0,5.3,4.6,3.3,8.5,2.8,7.6,0.7000000000000002,16.0,7.5,0.0,6.0,32.0,12.0,20.0,0.1875,74.75498999999999,29.75922,70.41938,,,,,,,,,,,3.29801,25.03363,98.6,97.03701,2.8999999999999915,-9.069019999999998,,,,99.0
HND,Honduras,LAC,Lower Middle Income,2019.0,18.7,17.6,19.9,19.2,18.2,12.0,23.2,32.6,20.5,15.6,10.2,6.2,1.0,26.4,11.2,1.9,1.6,2.3,2.0,1.8,2.0,1.8,1.7,1.9,2.4,1.4,2.0,0.1999999999999999,-0.3,-0.1999999999999999,4.5,3.9,5.1,4.4,4.5,5.9,3.6,2.4,3.3,5.6,5.0,8.0,-0.0999999999999996,-5.6,-2.3000000000000003,1.4,0.5,17.8,0.4,4.1,75.8,24.200000000000003,2024,17.9,15.2,20.9,19.5,16.2,16.6,22.9,13.8,19.2,3.3000000000000007,4.2,2.7,6.6,4.5,3.9,2.8,7.2,2.4,6.2,0.6000000000000001,23.2,8.366666666666665,0.0,9.0,34.0,10.0,24.0,0.2647058823529412,86.78166,49.40093,55.60791,,,,,,,,,,,15.51183,48.15662,85.0,97.24561,4.299999999999997,-5.850300000000004,78.07,89.49,,73.0
HTI,Haiti,LAC,Lower Middle Income,2023.0,22.0,20.8,23.2,24.6,19.4,,,,,,,,5.200000000000003,,,5.0,4.5,5.5,5.5,4.5,,,,,,,,1.0,,,3.9,3.4,4.4,4.1,3.6,,,,,,,,0.4999999999999995,,,3.3,1.6,19.2,1.1,2.7,71.9,28.099999999999994,2024,21.6,19.4,23.8,23.1,20.0,20.9,25.5,18.0,22.2,3.1000000000000014,3.9,2.9,5.2,4.2,3.6,3.2,5.5,2.8,4.8,0.6000000000000001,25.9,10.3,0.0,2.0,15.0,2.0,13.0,0.1333333333333333,56.30099,23.99999,37.52328,,,,,,,,,,,,,58.39659646154769,,9.649008234884008,,,,,68.0
IDN,Indonesia,EAP,Upper Middle Income,2023.0,22.0,21.7,22.3,23.4,20.5,,,,,,,,2.8999999999999986,,,8.4,8.2,8.5,9.2,7.5,,,,,,,,1.6999999999999993,,,4.3,4.2,4.4,4.5,4.0,,,,,,,,0.5,,,6.1,2.3,18.5,1.2,3.1,68.8,31.200000000000003,2024,22.6,21.1,24.2,24.0,21.2,22.5,25.8,19.8,22.8,2.8000000000000007,2.6,2.1,3.2,2.8,2.4,2.3,3.4,2.0,3.0,0.3999999999999999,26.3,11.566666666666665,0.0,2.0,16.0,1.0,15.0,0.125,83.19192,47.64165,30.96803,50.8,51.5,49.9,,,,,,,-1.6000000000000014,9.89713,12.77919,92.18017610613218,99.65351,1.327030017854426,-4.20523,75.52,70.62,68.74,88.0
IND,India,SA,Lower Middle Income,2020.0,35.5,35.1,35.8,36.2,34.6,30.1,37.3,46.1,39.7,34.4,28.1,22.9,1.6000000000000014,23.200000000000003,7.199999999999996,18.7,18.4,19.1,19.5,17.9,18.1,19.0,21.9,19.4,17.8,17.3,15.8,1.6000000000000014,6.099999999999998,0.8999999999999986,3.5,3.4,3.6,3.6,3.4,4.3,3.2,2.7,3.0,3.6,3.9,4.9,0.2000000000000001,-2.2,-1.0999999999999996,13.7,5.0,28.4,2.0,1.5,49.4,50.6,2024,32.9,29.4,36.6,34.0,31.8,30.4,37.9,28.3,35.5,2.1999999999999997,3.7,2.5,5.6,3.9,3.4,2.6,5.9,2.3,5.2,0.5,39.0,19.23333333333333,0.0,5.0,23.0,3.0,20.0,0.217391304347826,53.21226,9.95617,44.24169,,,,,,,,,,,1.55137,48.60744,91.347,81.84981,-0.1990000000000122,1.6002299999999965,94.91,84.34,52.89,91.0
IRL,Ireland,WE,High Income,2011.0,2.2,1.2,4.0,2.8,1.6,,,,,,,,1.1999999999999995,,,0.4,,,,,,,,,,,,,,,10.5,8.1,13.6,12.4,8.6,,,,,,,,3.8000000000000007,,,0.2,0.0,2.2,0.0,10.5,87.0,13.0,2024,2.2,1.2,3.8,2.4,1.9,1.4,4.4,1.1,3.4,0.5,11.2,4.5,25.1,11.9,10.4,4.9,26.1,4.3,23.4,1.5,12.7,4.366666666666666,1.0,,,,,,,,,,,,,,,,,,,0.04207,0.15643,,,,-2.10191,,,,
IRN,Iran (Islamic Republic of),MENA,Upper Middle Income,2017.0,4.8,,,4.9,4.8,3.1,7.6,8.2,5.7,4.2,3.2,3.0,0.1000000000000005,5.199999999999999,4.5,4.3,,,4.4,4.1,3.8,4.6,5.2,4.6,3.5,4.3,3.4,0.3000000000000007,1.8000000000000005,0.7999999999999998,2.9,,,3.3,2.6,3.4,2.3,2.4,2.6,2.8,3.6,3.3,0.6999999999999997,-0.8999999999999999,-1.1,,,,,,,,2024,4.8,3.5,6.6,5.0,4.6,3.7,6.8,3.4,6.4,0.4000000000000003,2.7,1.4,5.4,2.9,2.5,1.5,5.8,1.3,5.1,0.3999999999999999,7.699999999999999,4.0,0.0,3.0,17.0,,,0.1764705882352941,,,,,,,,,,,,,,,22.73296,,97.92513,,-4.050410000000003,,,,99.0
IRQ,Iraq,MENA,Upper Middle Income,2018.0,12.6,11.4,14.0,12.3,13.0,12.7,12.6,16.9,13.0,11.5,11.7,9.0,-0.6999999999999993,7.899999999999999,-0.0999999999999996,3.0,2.6,3.5,3.3,2.8,3.0,3.1,3.6,2.4,2.8,3.1,3.3,0.5,0.3000000000000002,0.1,6.1,5.3,6.9,6.3,5.7,6.5,5.1,5.0,5.3,7.9,6.3,6.1,0.5999999999999996,-1.0999999999999996,-1.4000000000000004,2.8,0.3,10.3,2.0,4.0,80.6,19.40000000000001,2024,9.4,7.6,11.6,10.0,8.9,8.1,12.2,7.2,11.0,1.0999999999999996,4.6,2.6,7.9,4.9,4.3,2.8,8.5,2.5,7.4,0.6000000000000005,18.7,7.233333333333333,0.0,7.0,28.0,,,0.25,,,,7.4,7.0,8.3,1.4,2.6,2.8,6.3,21.7,-20.3,1.3000000000000007,,,73.2,48.63865,-4.700000000000003,,60.25,56.63,66.43,95.0
JAM,Jamaica,LAC,Upper Middle Income,2018.0,4.6,3.1,6.8,7.0,2.3,4.4,5.0,,,,,,4.7,,0.5999999999999996,3.2,1.9,5.2,3.3,3.1,4.7,1.5,,,,,,0.1999999999999997,,-3.2,5.7,3.9,8.0,5.9,5.4,5.7,5.6,,,,,,0.5,,-0.1000000000000005,3.2,0.0,4.6,0.0,5.7,86.5,13.5,2024,6.9,5.6,8.3,7.5,6.2,6.2,9.1,5.1,7.6,1.2999999999999998,5.1,3.1,8.2,5.4,4.7,3.3,8.8,2.9,7.6,0.7000000000000002,10.3,4.5,1.0,6.0,27.0,,,0.2222222222222222,,,,,,,,,,,,,,,19.36783,99.6,98.8,0.5999999999999943,-4.869129999999998,94.89,95.72,99.5,97.0
JOR,Jordan,MENA,Lower Middle Income,2023.0,8.2,7.1,9.6,7.6,8.9,8.2,8.8,11.8,7.3,6.8,5.5,8.2,-1.3000000000000007,3.6000000000000014,0.6000000000000014,2.3,1.6,3.1,2.0,2.5,2.2,3.1,1.6,1.8,3.6,2.4,2.1,-0.5,-0.5,0.8999999999999999,9.2,7.8,10.8,9.6,8.7,9.3,7.6,7.3,8.3,8.8,11.2,13.4,0.9000000000000004,-6.1000000000000005,-1.700000000000001,2.0,0.2,6.2,1.8,7.4,82.4,17.599999999999994,2024,7.7,6.8,8.6,8.1,7.2,7.2,9.1,6.4,8.1,0.8999999999999995,10.6,8.1,13.7,11.3,9.9,8.7,14.5,7.6,12.9,1.4000000000000004,17.4,6.566666666666666,1.0,1.0,10.0,0.0,10.0,0.1,92.528,21.81958,44.95409,,,,,,,,,,,,46.07643,96.93236363724668,99.20273,0.8889728939766712,-6.877220000000001,99.5,,,90.0
JPN,Japan,EAP,High Income,2010.0,7.1,,,7.6,6.5,,,,,,,,1.0999999999999996,,,2.4,,,2.9,1.7,,,,,,,,1.2,,,1.4,,,1.9,1.1,,,,,,,,0.7999999999999998,,,,,,,,,,2024,5.2,3.0,8.9,5.8,4.5,3.3,10.0,2.6,8.0,1.2999999999999998,2.0,0.8,4.9,2.1,1.8,0.8,5.2,0.7,4.5,0.3,8.5,3.633333333333333,0.0,,,,,,,,,,,,,,,,,,,1.56388,1.92924,,,,-2.07012,,,,97.0
KAZ,Kazakhstan,EECA,Upper Middle Income,2015.0,8.0,7.0,9.2,7.7,8.3,7.2,8.9,10.3,8.1,8.3,6.9,6.2,-0.6000000000000005,4.1000000000000005,1.7000000000000002,3.1,2.5,3.8,2.9,3.3,3.1,3.1,3.0,2.9,3.8,2.9,2.9,-0.3999999999999999,0.1,0.0,9.3,8.1,10.8,8.7,10.0,11.2,7.6,7.7,7.0,8.9,11.6,12.5,-1.3000000000000007,-4.8,-3.6,3.0,0.1,6.0,1.9,7.4,81.5,18.5,2024,4.4,3.2,6.1,4.7,4.2,3.4,6.4,3.0,5.8,0.5,8.7,4.3,16.8,9.3,8.1,4.7,17.8,4.1,15.7,1.200000000000001,17.3,6.8,1.0,0.0,7.0,0.3,6.7,0.0,66.31718,15.98029,,,,,,,,,,,,0.06455,0.47984,99.9,99.85091,0.1000000000000085,-2.6101300000000003,,,,94.0
KEN,Kenya,ESA,Lower Middle Income,2022.0,17.6,16.8,18.4,19.6,15.6,12.1,20.3,27.6,21.5,16.2,11.6,8.7,4.000000000000002,18.9,8.200000000000001,4.5,4.1,5.0,5.0,4.0,3.8,4.9,9.0,2.6,3.9,3.5,2.6,1.0,6.4,1.1000000000000003,3.4,3.0,3.8,3.0,3.8,4.2,3.0,2.0,2.8,3.9,3.4,5.0,-0.7999999999999998,-3.0,-1.2000000000000002,3.3,1.2,15.8,0.6,2.8,76.3,23.700000000000003,2024,17.9,16.0,20.0,19.8,16.0,17.8,22.2,14.2,18.1,3.8000000000000007,4.3,3.1,6.0,4.6,4.0,3.4,6.4,2.9,5.6,0.5999999999999996,21.0,8.5,0.0,2.0,13.0,2.0,11.0,0.1538461538461538,49.0294,36.84443,54.199580000000005,14.8,9.7,18.4,32.0,16.8,14.6,11.0,6.6,25.4,8.7,15.05817,,81.6,86.13652,5.0,,,,,87.0
KGZ,Kyrgyzstan,EECA,Lower Middle Income,2023.0,14.1,12.4,16.0,15.0,13.3,13.0,14.6,16.5,15.6,12.6,12.3,12.4,1.6999999999999993,4.1,1.5999999999999996,3.0,2.3,3.9,2.9,3.1,3.6,2.8,3.3,2.8,3.5,1.8,3.4,-0.2000000000000001,-0.1,-0.8000000000000003,8.8,7.5,10.3,9.2,8.4,8.4,8.9,8.2,10.5,8.2,6.9,10.4,0.7999999999999989,-2.200000000000001,0.5,2.7,0.3,10.2,3.7,5.1,78.0,22.0,2024,11.0,10.0,12.1,11.7,10.3,10.6,13.0,9.4,11.5,1.3999999999999986,9.9,7.7,12.5,10.5,9.2,8.3,13.2,7.2,11.7,1.3000000000000007,22.9,8.633333333333335,0.0,0.0,9.0,0.4,8.6,0.0,86.2953,5.1509,,,,,,,,,,,,1.71944,26.36492,99.4,,0.3000000000000113,-3.560929999999999,,,,92.0
KHM,Cambodia,EAP,Lower Middle Income,2021.0,21.9,20.2,23.7,24.5,19.2,16.8,24.7,30.7,22.5,22.7,18.2,12.4,5.300000000000001,18.3,7.899999999999999,9.6,8.4,11.0,10.9,8.2,8.4,10.3,12.4,9.9,7.6,9.8,7.8,2.700000000000001,4.6000000000000005,1.9000000000000004,4.1,3.4,5.1,4.7,3.5,5.8,3.2,2.9,2.9,3.5,5.3,6.8,1.2000000000000002,-3.9,-2.6,7.7,1.9,18.4,1.6,2.5,67.8,32.2,2024,22.0,19.3,24.8,23.3,20.5,20.6,26.4,18.1,23.4,2.8000000000000007,5.7,3.9,8.3,6.1,5.3,4.1,8.8,3.7,7.6,0.7999999999999998,26.0,11.866666666666667,0.0,2.0,18.0,3.0,15.0,0.1111111111111111,71.46459,20.15528,25.701400000000003,,,,,,,,,,,9.65321,,78.8,92.57328,10.599999999999994,,85.79,37.07,84.04,90.0
KIR,Kiribati,EAP,Lower Middle Income,2018.0,15.2,13.5,17.1,16.4,14.0,14.0,16.5,18.8,19.0,16.8,11.2,9.0,2.3999999999999986,9.8,2.5,3.5,2.8,4.5,3.7,3.4,3.5,3.6,3.1,5.7,4.7,3.2,0.7,0.3000000000000002,2.4000000000000004,0.1,2.1,1.5,3.1,3.3,0.9,2.6,1.6,1.2,0.9,2.4,1.2,5.3,2.4,-4.1,-1.0,2.7,0.8,13.9,0.4,1.7,80.4,19.599999999999994,2024,14.7,11.2,18.9,15.5,13.8,11.9,20.1,10.5,17.9,1.6999999999999993,2.1,1.1,3.9,2.3,2.0,1.2,4.2,1.0,3.7,0.2999999999999998,17.3,6.933333333333334,0.0,2.0,18.0,9.0,9.0,0.1111111111111111,,,,,,,,,,,,,,,,,,,,,66.16,86.79,94.0
KOR,Republic of Korea,EAP,High Income,2020.0,0.9,0.4,1.9,0.8,0.9,1.0,0.0,,1.2,0.4,0.4,1.3,-0.0999999999999999,,-1.0,0.2,,,,,,,,,,,,,,,6.2,4.4,8.6,6.6,5.7,6.0,7.3,,9.0,7.1,4.5,3.0,0.8999999999999995,,1.2999999999999998,0.0,0.0,0.7,0.1,6.1,93.1,6.900000000000006,2024,1.8,1.5,2.2,2.0,1.6,1.7,2.5,1.3,2.0,0.3999999999999999,5.5,3.5,8.4,5.9,5.1,3.8,9.0,3.3,7.8,0.8000000000000007,7.1000000000000005,2.4333333333333336,1.0,,,,,,,,,,,,,,,,,,,3.26181,0.98848,,,,0.06644,99.5,99.5,99.5,97.0
KWT,Kuwait,MENA,High Income,2023.0,3.2,2.6,3.9,3.8,2.6,,,,,,,,1.1999999999999995,,,3.5,2.8,4.5,4.2,2.7,,,,,,,,1.5,,,8.1,7.0,9.3,7.7,8.5,,,,,,,,-0.7999999999999998,,,3.5,0.0,2.6,0.6,7.5,85.8,14.200000000000005,2024,4.5,4.1,4.8,5.0,3.9,4.6,5.5,3.6,4.3,1.1,10.1,8.4,12.0,10.7,9.4,9.0,12.9,7.8,11.3,1.299999999999999,11.3,4.933333333333334,1.0,,,,,,,,,,,,,,,,,,,6.90047,16.40917,,99.50355,,-3.964559999999999,99.5,99.5,99.5,99.0
LAO,Lao People's Democratic Republic,EAP,Lower Middle Income,2023.0,32.8,,,34.6,31.0,,,,,,,,3.6000000000000014,,,10.7,,,10.7,10.8,,,,,,,,-0.1000000000000014,,,2.8,,,2.9,2.7,,,,,,,,0.1999999999999997,,,6.7,2.3,29.0,1.7,1.8,58.4,41.6,2024,29.9,26.6,33.3,31.2,28.4,27.8,34.9,25.4,31.8,2.8000000000000007,3.7,2.5,5.4,4.0,3.4,2.7,5.8,2.4,5.0,0.6000000000000001,35.599999999999994,15.433333333333332,0.0,6.0,31.0,10.0,21.0,0.1935483870967742,,,,,,,,,,,,,,7.17883,41.08387,86.42589321302252,90.50107,-0.6589374858962458,5.849649999999997,49.14,31.55,,88.0
LBN,Lebanon,MENA,Lower Middle Income,2023.0,13.9,,,17.2,10.3,,,,,,,,6.899999999999999,,,1.3,,,1.2,1.5,,,,,,,,-0.3,,,4.4,,,3.9,4.9,,,,,,,,-1.0000000000000004,,,1.1,0.3,6.6,0.1,4.4,87.4,12.599999999999994,2024,10.1,9.0,11.2,10.6,9.5,9.6,11.8,8.5,10.6,1.0999999999999996,4.5,3.4,6.0,4.8,4.2,3.7,6.4,3.2,5.6,0.5999999999999996,18.3,6.533333333333334,0.0,1.0,6.0,,,0.1666666666666666,,,,,,,,,,,,,,13.97448,33.53088,,,,-0.3359099999999984,,,,
LBR,Liberia,WCA,Low Income,2019.0,29.8,27.3,32.5,31.8,27.9,25.0,35.1,37.9,34.7,31.3,24.3,13.6,3.900000000000002,24.3,10.1,3.4,2.7,4.3,3.6,3.2,3.4,3.4,2.4,2.9,4.9,5.0,1.8,0.3999999999999999,0.5999999999999999,0.0,4.4,3.5,5.5,4.5,4.2,4.7,4.0,3.8,3.7,6.4,4.5,3.3,0.2999999999999998,0.5,-0.7000000000000002,2.0,1.4,26.9,1.5,2.9,65.3,34.7,2024,26.9,23.4,30.7,29.4,24.3,25.8,33.6,21.0,28.1,5.099999999999998,6.1,3.8,9.7,6.5,5.7,4.0,10.4,3.5,9.2,0.7999999999999998,34.2,12.533333333333331,0.0,6.0,25.0,8.0,17.0,0.24,77.81325,13.20429,58.25431,31.8,25.1,43.0,48.3,41.8,37.8,22.0,17.2,31.1,17.9,63.64984,34.22615,32.6,,-3.299999999999997,9.895219999999998,55.04,,67.62,82.0
LBY,Libya,MENA,Upper Middle Income,2022.0,7.9,7.1,8.8,9.1,6.8,,,,,,,,2.3,,,3.5,,,,,,,,,,,,,,,4.6,3.9,5.4,4.8,4.4,,,,,,,,0.3999999999999994,,,3.0,0.3,6.6,1.0,3.6,85.5,14.5,2024,9.2,8.0,10.5,9.7,8.6,8.4,11.2,7.5,10.0,1.0999999999999996,4.7,3.4,6.6,5.0,4.4,3.6,7.1,3.2,6.1,0.5999999999999996,12.5,5.333333333333333,0.0,,,,,,,,,,,,,,,,,,,,,,,,,,,,85.0
LCA,Saint Lucia,LAC,Upper Middle Income,2012.0,2.5,1.2,5.2,4.0,1.0,3.7,2.2,5.2,1.7,4.0,0.9,0.0,3.0,5.2,-1.5,3.7,2.0,6.9,4.1,3.4,1.9,4.1,5.1,6.0,3.1,0.0,3.0,0.6999999999999997,2.1,2.2,6.3,3.4,11.3,8.9,3.8,4.9,6.6,5.1,8.4,4.5,4.5,8.9,5.1000000000000005,-3.8000000000000007,1.6999999999999993,3.3,0.4,1.6,0.5,5.8,88.4,11.599999999999994,2024,2.8,1.6,4.8,3.1,2.5,1.8,5.4,1.4,4.4,0.6000000000000001,6.8,2.7,15.8,7.2,6.3,2.9,16.9,2.5,14.8,0.9000000000000004,8.8,4.166666666666667,1.0,4.0,24.0,,,0.1666666666666666,,,,,,,,,,,,,,,17.37504,99.0,,-0.2000000000000028,-6.344000000000001,99.5,99.5,98.92,87.0
LKA,Sri Lanka,SA,Lower Middle Income,2024.0,10.5,,,,,,,,,,,,,,,9.3,,,,,,,,,,,,,,,0.5,,,,,,,,,,,,,,,15.9,3.9,9.3,0.4,1.3,69.2,30.8,2024,10.1,9.3,10.9,10.5,9.7,9.6,11.4,8.9,10.6,0.8000000000000007,0.9,0.7,1.2,1.0,0.8,0.8,1.3,0.7,1.1,0.1999999999999999,11.0,6.766666666666667,0.0,1.0,10.0,,,0.1,,,,,,,,,,,,,,3.57131,16.0262,,99.14777,,-5.320150000000002,87.04,89.91,87.1,98.0
LSO,Lesotho,ESA,Lower Middle Income,2024.0,35.6,32.6,38.6,38.3,32.5,29.1,38.8,,,,,,5.799999999999997,,9.699999999999996,1.6,1.0,2.6,2.8,0.4,1.6,1.7,,,,,,2.4,,0.0999999999999998,7.7,5.9,9.9,8.0,7.3,7.5,7.7,,,,,,0.7000000000000002,,0.2000000000000001,,0.5,,2.2,,,,2024,35.0,32.1,38.0,38.3,31.7,35.3,41.5,28.9,34.7,6.599999999999998,7.5,5.6,10.0,8.0,7.0,6.0,10.7,5.3,9.3,1.0,43.3,14.966666666666669,0.0,1.0,13.0,3.0,10.0,0.0769230769230769,70.63977,35.27384,51.153360000000006,,,,,,,,,,,17.41473,39.02002,83.2,93.96988,23.200000000000003,-7.414119999999997,,,,82.0
LTU,Lithuania,WE,High Income,2023.0,1.0,1.0,1.1,1.1,1.0,,,,,,,,0.1,,,4.9,,,,,,,,,,,,,,,4.1,3.9,4.2,4.3,3.8,,,,,,,,0.5,,,4.3,0.1,0.6,0.1,4.0,91.0,9.0,2024,1.6,1.4,1.7,1.7,1.4,1.6,2.0,1.2,1.5,0.3,4.6,3.1,6.9,4.9,4.3,3.3,7.3,2.9,6.3,0.6000000000000005,5.1,3.333333333333333,1.0,0.0,0.0,,,,,,,,,,,,,,,,,0.12104,3.133,,99.86662,,-1.3033599999999996,99.5,99.5,99.5,93.0
LVA,Latvia,WE,High Income,2021.0,0.5,0.1,3.6,1.0,0.0,0.0,1.2,,,,,,1.0,,1.2,1.7,,,,,,,,,,,,,,,6.5,3.7,11.0,6.4,6.5,3.8,9.9,,,,,,-0.0999999999999996,,6.1000000000000005,1.6,0.0,0.5,0.0,6.5,91.4,8.599999999999994,2024,1.7,1.2,2.3,1.9,1.5,1.4,2.6,1.1,2.0,0.3999999999999999,6.6,4.2,10.3,7.1,6.2,4.6,10.9,3.9,9.6,0.8999999999999995,7.0,2.9,1.0,,,,,,,,,,,,,,,,,,,2.17788,3.6427,,99.87011,,-1.3178899999999998,99.5,99.5,99.5,99.0
MAR,Morocco,MENA,Lower Middle Income,2019.0,14.2,,,14.9,13.7,9.9,20.8,,,,,,1.200000000000001,,10.9,2.4,,,,,,,,,,,,,,,3.2,,,2.9,3.6,3.0,3.6,,,,,,-0.7000000000000002,,0.6000000000000001,2.5,0.1,11.5,3.5,7.5,75.0,25.0,2024,13.7,11.6,16.1,14.4,12.9,12.3,16.9,10.9,15.3,1.5,4.2,2.6,6.8,4.5,3.9,2.8,7.2,2.4,6.3,0.6000000000000001,17.4,6.599999999999999,0.0,1.0,14.0,,,0.0714285714285714,29.71154,35.85719,,,,,,,,,,,,3.34856,32.76111,,87.7834,,6.796800000000001,89.51,96.08,87.07,98.0
MDA,Republic of Moldova,EECA,Upper Middle Income,2012.0,6.4,5.2,7.8,5.8,7.0,3.6,7.8,11.4,5.6,9.1,3.4,2.7,-1.2000000000000002,8.7,4.199999999999999,1.9,1.2,3.0,2.1,1.8,1.8,2.0,1.7,1.7,1.2,3.4,1.8,0.3,-0.1,0.1999999999999999,4.9,3.8,6.2,6.0,3.7,5.0,4.8,2.9,2.7,7.5,4.4,6.6,2.3,-3.7,-0.2000000000000001,1.7,0.2,5.6,0.6,4.2,87.7,12.299999999999995,2024,4.2,2.6,6.8,4.5,3.9,2.7,7.2,2.4,6.5,0.6000000000000001,4.1,1.7,9.6,4.3,3.8,1.8,10.2,1.6,8.8,0.5,11.3,4.4,0.0,0.0,12.0,1.0,11.0,0.0,89.66702,33.863080000000004,,,,,,,,,,,,10.39165,34.63445,99.5,99.58578,0.7999999999999972,-0.950089999999996,93.8,90.22,99.5,94.0
MDG,Madagascar,ESA,Low Income,2021.0,39.8,38.0,41.7,43.6,36.1,35.5,40.6,42.8,43.4,40.1,39.4,30.0,7.5,12.799999999999995,5.100000000000001,7.2,6.5,8.1,8.1,6.4,7.4,7.2,9.4,7.4,6.5,5.2,6.7,1.6999999999999993,2.7,-0.2000000000000001,1.9,1.5,2.4,2.1,1.6,1.7,1.9,2.1,1.2,2.3,1.8,2.1,0.5,0.0,0.1999999999999999,4.4,2.9,36.0,1.0,0.9,54.9,45.1,2024,38.4,35.1,41.8,41.0,35.7,37.7,44.6,32.5,39.1,5.299999999999997,2.3,1.6,3.4,2.5,2.2,1.7,3.6,1.5,3.1,0.2999999999999998,41.7,16.3,0.0,13.0,39.0,11.0,28.0,0.3333333333333333,46.99635,16.45465,16.369149999999998,,,,,,,,,,,,,,75.30385,,,,39.17,,64.0
MDV,Maldives,SA,Upper Middle Income,2017.0,15.3,13.5,17.2,16.3,14.2,13.2,16.1,17.5,16.0,14.6,11.3,16.4,2.1000000000000014,1.1000000000000014,2.900000000000002,9.1,7.8,10.8,10.1,8.1,10.3,8.7,8.5,9.6,8.9,9.9,9.0,2.0,-0.5,-1.6000000000000014,4.9,4.0,6.0,6.7,3.0,4.2,5.2,4.8,5.4,5.7,5.8,1.5,3.7,3.3,1.0,7.6,1.5,12.9,0.9,4.0,73.1,26.90000000000001,2024,14.2,11.3,17.7,14.7,13.6,11.7,18.4,10.9,17.0,1.0999999999999996,3.0,1.7,5.4,3.3,2.8,1.8,6.0,1.5,5.2,0.5,20.200000000000003,9.766666666666666,0.0,0.0,2.0,2.0,0.0,0.0,83.00138,9.58714,,12.9,13.8,12.3,13.9,12.2,12.2,14.7,11.7,2.200000000000001,-1.5,0.49595,,,99.43955,,,99.5,,,99.0
MEX,Mexico,LAC,Upper Middle Income,2022.0,12.5,10.3,15.1,11.5,13.5,12.4,12.7,,,,,,-2.0,,0.2999999999999989,1.0,0.6,1.7,1.4,0.6,1.1,0.6,,,,,,0.7999999999999999,,-0.5000000000000001,7.1,5.4,9.4,6.9,7.3,7.4,6.4,,,,,,-0.3999999999999994,,-1.0,0.6,0.4,11.6,0.5,6.6,80.3,19.700000000000003,2024,13.1,11.9,14.3,14.3,11.8,13.1,15.8,10.8,13.0,2.5,7.4,5.8,9.5,7.9,6.9,6.1,10.3,5.4,8.9,1.0,19.6,6.866666666666667,0.0,4.0,18.0,,,0.2222222222222222,,,,,,,,,,,,,,0.09136,28.81545,95.9,99.20723,-0.5999999999999943,-2.824950000000001,71.09,69.58,79.16,89.0
MHL,Marshall Islands,EAP,Upper Middle Income,2017.0,34.8,30.6,39.2,39.3,30.0,34.0,38.7,44.2,41.2,37.0,28.4,20.0,9.299999999999995,24.200000000000003,4.700000000000003,3.5,2.5,5.0,4.6,2.4,3.5,3.8,3.1,7.3,1.8,2.8,2.4,2.2,0.7000000000000002,0.2999999999999998,4.1,2.4,6.8,4.9,3.2,4.6,1.3,1.8,2.5,6.6,2.4,6.7,1.7000000000000002,-4.9,-3.3,2.4,1.2,31.9,1.7,2.4,60.5,39.5,2024,30.0,23.1,37.9,31.6,28.2,24.8,39.5,21.8,35.8,3.400000000000002,4.6,2.3,9.0,4.9,4.3,2.5,9.5,2.1,8.5,0.6000000000000005,38.9,14.133333333333333,0.0,6.0,26.0,12.0,14.0,0.2307692307692307,,,,,,,,,,,,,,18.84428,28.45149,,98.7567,,-11.24187,66.83,78.36,70.15,81.0
MKD,North Macedonia,EECA,Upper Middle Income,2019.0,4.3,2.8,6.5,4.5,4.0,4.7,3.7,7.2,3.3,2.3,3.9,3.7,0.5,3.5,-1.0,3.4,2.1,5.3,3.5,3.3,3.5,3.2,2.3,7.2,3.4,0.7,3.2,0.2000000000000001,-0.9000000000000004,-0.2999999999999998,11.2,8.9,13.9,13.1,9.0,11.5,10.7,8.8,15.3,11.4,11.3,9.7,4.1,-0.8999999999999986,-0.8000000000000007,3.1,0.2,3.0,1.1,10.1,82.5,17.5,2024,3.8,3.0,4.7,4.0,3.5,3.2,5.1,2.9,4.4,0.5,12.3,7.6,19.3,13.0,11.5,8.1,20.4,7.1,18.0,1.5,15.5,6.3,1.0,0.0,8.0,,,0.0,,,,,,,,,,,,,,8.46039,,99.3,98.5,-0.4000000000000057,,,,,93.0
MLI,Mali,WCA,Low Income,2024.0,25.1,,,26.7,23.6,,,,,,,,3.099999999999998,,,5.4,,,6.3,4.4,,,,,,,,1.8999999999999997,,,1.4,,,1.6,1.3,,,,,,,,0.3,,,7.6,3.0,18.4,0.4,0.5,70.1,29.90000000000001,2024,23.2,21.8,24.7,25.3,21.1,23.9,26.9,19.9,22.6,4.199999999999999,1.3,1.1,1.6,1.4,1.2,1.1,1.7,1.0,1.5,0.1999999999999999,26.5,10.633333333333333,0.0,16.0,54.0,2.0,52.0,0.2962962962962963,39.0995,6.50091,44.01625,88.6,89.2,88.4,86.5,85.8,89.9,89.6,90.4,-3.9000000000000057,-0.7999999999999972,36.5337,76.59864,40.7,39.20776,-9.0,8.48854,,29.78,,91.0
MLT,Malta,WE,High Income,2022.0,3.3,2.4,4.4,2.9,3.6,,,,,,,,-0.7000000000000002,,,0.4,,,,,,,,,,,,,,,10.1,8.5,11.9,12.0,8.2,,,,,,,,3.8000000000000007,,,0.3,0.0,3.0,0.2,9.9,86.5,13.5,2024,3.5,3.0,4.1,3.9,3.1,3.3,4.7,2.6,3.6,0.7999999999999998,10.1,7.3,13.8,10.8,9.5,7.7,15.0,6.8,13.1,1.3000000000000007,13.4,4.6,1.0,,,,,,,,,,,,,,,,,,,0.24276,9.33149,,99.38657,,-6.878680000000001,99.5,99.5,99.5,
MMR,Myanmar,EAP,Lower Middle Income,2018.0,26.7,25.3,28.2,26.7,26.8,20.9,29.0,36.1,29.8,25.7,19.4,15.5,-0.1000000000000014,20.6,8.100000000000001,7.4,,,,,,,,,,,,,,,0.8,0.6,1.1,1.1,0.5,0.8,0.8,0.5,1.0,0.7,0.8,1.1,0.6000000000000001,-0.6000000000000001,0.0,5.1,1.5,27.3,0.6,0.9,64.6,35.400000000000006,2024,24.5,20.9,28.5,25.8,23.0,22.1,30.1,19.6,27.1,2.8000000000000007,0.6,0.4,1.1,0.7,0.6,0.4,1.2,0.3,1.0,0.0999999999999999,27.5,11.633333333333333,0.0,2.0,16.0,5.0,11.0,0.125,46.31538,53.16281000000001,,,,,,,,,,,,,42.55308,84.0,84.41379,5.900000000000006,-7.661659999999998,77.05,73.52,58.66,79.0
MNE,Montenegro,EECA,Upper Middle Income,2018.0,7.2,3.5,14.2,6.2,8.5,8.7,4.0,9.7,12.9,1.9,4.4,9.3,-2.3,0.3999999999999986,-4.699999999999999,2.2,1.3,3.6,2.4,1.9,1.7,3.1,2.9,3.8,1.1,1.4,2.2,0.5,0.6999999999999997,1.4,7.3,5.0,10.4,6.7,8.0,5.8,10.1,8.0,6.5,6.7,10.5,4.3,-1.2999999999999998,3.7,4.3,1.9,0.2,6.3,0.6,6.7,84.2,15.799999999999995,2024,8.0,6.1,10.5,8.5,7.4,6.5,11.1,5.7,9.7,1.0999999999999996,8.6,4.8,14.8,9.2,8.0,5.2,15.6,4.5,14.1,1.1999999999999993,14.5,5.566666666666666,1.0,2.0,6.0,3.0,3.0,0.3333333333333333,,,,,,,,,,,,,,4.06977,14.4041,99.9,99.05261,0.0,0.6091599999999993,81.95,11.39,,85.0
MNG,Mongolia,EAP,Upper Middle Income,2023.0,8.8,,,,,,,,,,,,,,,2.7,,,,,,,,,,,,,,,12.8,,,,,,,,,,,,,,,0.9,0.1,7.5,1.9,8.7,81.1,18.90000000000001,2024,7.1,6.1,8.1,7.6,6.5,6.6,8.7,5.7,7.5,1.0999999999999996,12.3,8.8,16.8,13.1,11.5,9.5,17.8,8.3,15.9,1.5999999999999996,21.6,8.1,1.0,1.0,8.0,3.0,5.0,0.125,,,,,,,,,,,,,,1.68763,,98.5,98.90874,2.200000000000003,,,,,99.0
MOZ,Mozambique,ESA,Low Income,2022.0,36.7,34.4,39.1,40.9,32.8,26.3,41.0,47.0,43.0,42.3,25.2,14.8,8.100000000000001,32.2,14.7,3.8,3.1,4.6,4.4,3.2,2.9,4.2,5.8,3.8,2.3,3.5,2.4,1.2000000000000002,3.4,1.3000000000000005,3.2,2.6,3.9,3.2,3.1,3.0,3.3,2.1,3.2,3.9,4.0,3.1,0.1,-1.0,0.2999999999999998,2.4,1.4,33.8,1.5,1.7,59.2,40.8,2024,37.0,34.1,40.0,40.0,34.0,37.1,43.1,31.3,36.9,6.0,4.4,3.3,6.0,4.7,4.1,3.6,6.3,3.0,5.6,0.6000000000000005,39.900000000000006,14.566666666666668,0.0,13.0,48.0,13.0,35.0,0.2708333333333333,50.52224,5.82771,59.1606,,,,,,,,,,,13.76539,73.5749,37.2,62.66699,-6.099999999999994,7.798329999999993,,,,93.0
MRT,Mauritania,WCA,Lower Middle Income,2022.0,25.1,25.0,25.2,27.6,22.5,20.1,31.3,,,,,,5.100000000000001,,11.2,13.6,,,,,,,,,,,,,,,1.0,0.7,1.3,1.2,0.8,,,,,,,,0.3999999999999999,,,7.9,2.2,14.8,0.4,0.6,74.1,25.90000000000001,2024,21.5,19.8,23.3,23.6,19.4,21.8,25.6,17.9,21.1,4.200000000000003,1.6,1.2,2.2,1.7,1.5,1.3,2.4,1.1,2.1,0.1999999999999999,26.1,13.233333333333334,0.0,16.0,37.0,1.0,36.0,0.4324324324324324,,,,63.9,51.3,77.1,83.5,80.8,73.3,51.4,38.1,45.4,25.8,21.51726,72.90083,55.93695562584081,,-8.145568150960969,0.5087900000000047,,30.69,,95.0
MUS,Mauritius,ESA,Upper Middle Income,1995.0,13.6,,,,,,,,,,,,,,,15.7,,,,,,,,,,,,,,,6.5,,,,,,,,,,,,,,,,,,,,,,2024,7.8,3.5,16.4,8.7,6.9,4.0,18.2,3.1,14.6,1.799999999999999,4.8,1.2,17.5,5.1,4.4,1.4,17.4,1.1,16.1,0.6999999999999993,20.1,11.933333333333332,0.0,,,,,,,,,,,,,,,,,,,2.72192,14.68563,,98.57592,,-7.134889999999999,99.5,99.5,99.5,98.0
MWI,Malawi,ESA,Low Income,2020.0,34.9,32.4,37.5,37.4,32.4,,,,,,,,5.0,,,2.1,,,,,,,,,,,,,,,1.4,0.9,1.9,1.6,1.1,,,,,,,,0.5,,,1.1,0.8,33.8,0.3,1.1,62.9,37.1,2024,33.2,30.8,35.6,36.1,30.2,33.8,38.7,28.0,32.6,5.900000000000002,4.4,3.2,6.1,4.8,4.1,3.5,6.5,3.0,5.7,0.7000000000000002,36.3,12.8,0.0,8.0,38.0,7.0,31.0,0.2105263157894736,45.69273,37.49135,54.63765000000001,,,,,,,,,,,,65.25073,51.5,73.3858,8.799999999999997,6.478760000000001,92.47,74.33,44.21,99.0
MYS,Malaysia,EAP,Upper Middle Income,2022.0,21.2,20.0,22.6,21.8,20.6,20.2,23.8,,,,,,1.1999999999999993,,3.6000000000000014,11.0,10.1,12.0,11.8,10.2,10.7,11.8,,,,,,1.6000000000000014,,1.1000000000000014,5.6,4.9,6.4,6.6,4.5,6.0,4.6,,,,,,2.1,,-1.4000000000000004,7.3,2.4,21.2,1.9,3.3,63.9,36.1,2024,24.3,22.0,26.8,25.7,22.9,23.3,28.4,20.7,25.3,2.8000000000000007,5.3,3.8,7.2,5.6,4.9,4.1,7.7,3.6,6.7,0.6999999999999993,26.8,12.6,0.0,,,,,,,,,,,,,,,,,,,1.23454,31.93911,,97.85761,,-8.880409999999998,95.35,99.5,99.5,90.0
NAM,Namibia,ESA,Upper Middle Income,2013.0,22.7,20.8,24.8,25.1,20.4,16.0,26.7,30.8,26.8,22.8,15.9,9.0,4.700000000000003,21.8,10.7,7.1,6.1,8.4,9.0,5.3,7.3,7.0,9.3,6.1,8.6,5.3,5.0,3.7,4.300000000000001,-0.2999999999999998,4.0,3.2,5.0,3.8,4.2,4.8,3.5,2.3,3.7,3.9,6.0,4.9,-0.4000000000000003,-2.6000000000000005,-1.2999999999999998,5.6,1.5,19.9,1.3,2.7,69.0,31.0,2024,16.4,11.2,23.4,18.4,14.4,12.8,25.9,9.9,20.9,3.9999999999999982,5.8,2.7,12.1,6.2,5.4,2.9,12.6,2.5,11.2,0.7999999999999998,26.7,11.266666666666666,0.0,2.0,7.0,1.0,6.0,0.2857142857142857,58.14012,32.18353,69.07119,,,,,,,,,,,0.43826,,86.1,95.34632,11.099999999999994,,,,,94.0
NER,Niger,WCA,Low Income,2022.0,47.7,44.9,50.5,50.4,45.0,,,,,,,,5.399999999999999,,,10.9,9.8,12.0,12.1,9.7,,,,,,,,2.4000000000000004,,,1.2,0.8,1.7,1.8,0.5,,,,,,,,1.3,,,4.5,6.4,40.4,0.9,0.3,47.5,52.5,2024,48.3,46.0,50.6,50.8,45.7,48.5,53.2,43.4,48.1,5.099999999999994,2.6,2.0,3.4,2.8,2.4,2.1,3.6,1.8,3.1,0.3999999999999999,48.900000000000006,19.933333333333334,0.0,28.0,76.0,6.0,70.0,0.3684210526315789,31.88183,5.91653,42.540670000000006,2.0,1.2,2.1,1.7,1.7,2.4,3.0,1.0,0.7,0.9000000000000001,37.96412,88.87069,23.6,31.64391,-11.199999999999996,6.249189999999999,,25.39,41.77,93.0
NGA,Nigeria,WCA,Lower Middle Income,2021.0,33.8,,,35.0,32.5,,,,,,,,2.5,,,11.6,,,,,,,,,,,,,,,1.5,,,1.3,1.6,,,,,,,,-0.3,,,3.9,2.6,28.3,0.6,0.9,63.7,36.3,2024,33.8,31.1,36.6,36.2,31.4,33.4,39.2,28.9,34.1,4.800000000000004,1.6,1.2,2.3,1.7,1.5,1.2,2.5,1.1,2.1,0.1999999999999999,35.3,15.633333333333333,0.0,12.0,30.0,2.0,28.0,0.4,37.57134,1.15175,29.74029,15.1,20.2,10.8,7.5,10.5,16.5,19.9,19.0,-11.5,-9.4,,,79.2,,-2.0999999999999943,,35.62,42.92,23.6,69.0
NIC,Nicaragua,LAC,Lower Middle Income,2012.0,17.3,15.8,18.9,18.2,16.4,12.4,22.0,,,,,,1.8000000000000007,,9.6,2.2,1.6,2.9,2.2,2.1,2.3,2.0,,,,,,0.1,,-0.2999999999999998,8.3,7.3,9.3,8.6,7.9,9.1,7.4,,,,,,0.6999999999999993,,-1.6999999999999993,1.7,0.4,15.3,1.5,6.7,74.3,25.700000000000003,2024,,,,,,,,,,,,,,,,,,,,,25.6,9.266666666666667,0.0,10.0,35.0,19.0,16.0,0.2857142857142857,69.35894,52.99007999999999,52.04659,,,,,,,,,,,,,,,,,53.27,28.54,,
NLD,Netherlands (Kingdom of the),WE,High Income,2009.0,1.5,1.2,1.8,1.6,1.3,,,,,,,,0.3,,,1.0,0.8,1.4,1.2,0.9,,,,,,,,0.2999999999999999,,,3.8,3.2,4.6,3.6,4.0,,,,,,,,-0.3999999999999999,,,1.0,0.0,1.2,0.2,3.6,93.9,6.099999999999994,2024,1.6,0.9,3.1,1.8,1.4,1.0,3.5,0.8,2.7,0.4000000000000001,5.4,2.0,13.6,5.8,5.0,2.2,14.3,1.9,12.7,0.7999999999999998,5.3,2.1,1.0,,,,,,,,,,,,,,,,,,,,0.57223,,,,-0.48252,99.5,99.5,99.5,
NPL,Nepal,SA,Lower Middle Income,2022.0,24.8,22.7,27.0,24.7,25.0,21.5,31.0,36.9,28.4,22.3,17.7,13.1,-0.3000000000000007,23.8,9.5,7.0,5.8,8.3,7.6,6.3,6.9,7.1,5.4,6.8,7.1,7.8,8.4,1.2999999999999998,-3.0,0.1999999999999993,1.3,0.9,2.0,1.6,1.0,1.6,0.9,1.0,0.8,1.7,0.5,3.0,0.6000000000000001,-2.0,-0.7000000000000001,4.2,2.8,21.8,0.2,1.2,69.9,30.099999999999994,2024,26.0,23.7,28.5,27.0,25.1,24.6,29.6,22.7,27.6,1.8999999999999984,1.8,1.3,2.5,1.9,1.6,1.3,2.7,1.2,2.3,0.2999999999999998,26.1,11.033333333333331,0.0,6.0,35.0,7.0,28.0,0.1714285714285714,53.71106,14.47905,30.12066,,,,,,,,,,,6.58225,17.97327,76.4,80.20683,-2.1999999999999886,-15.06709,55.44,38.97,41.61,99.0
NRU,Nauru,EAP,High Income,2023.0,15.7,11.5,21.2,12.1,20.0,,,19.0,15.0,10.6,7.9,28.3,-7.9,-9.3,,1.3,0.5,3.4,0.6,2.1,,,1.5,1.7,1.5,1.6,0.0,-1.5,1.5,,8.2,5.6,11.9,8.5,7.9,,,4.6,5.1,12.3,11.1,7.7,0.5999999999999996,-3.1000000000000005,,1.3,0.0,14.1,1.7,6.6,76.4,23.599999999999994,2024,16.0,13.9,18.4,17.1,14.9,15.0,19.6,13.0,17.2,2.200000000000001,8.2,5.9,11.2,8.7,7.6,6.3,11.9,5.5,10.4,1.0999999999999996,23.9,8.4,0.0,1.0,18.0,0.0,18.0,0.0555555555555555,,,,,,,,,,,,,,14.23267,60.10101,,,,4.75217,99.5,99.5,90.02,99.0
OMN,Oman,MENA,High Income,2017.0,11.4,9.8,13.1,12.7,10.0,,,12.7,13.0,12.7,11.0,7.8,2.6999999999999997,4.9,,9.3,7.9,11.0,8.7,10.0,,,14.7,8.7,6.4,9.5,10.0,-1.3000000000000007,4.699999999999999,,4.2,3.4,5.1,4.1,4.2,,,1.6,1.7,4.7,5.6,5.5,-0.1000000000000005,-3.9,,6.3,1.5,13.8,0.5,1.1,76.7,23.3,2024,12.9,10.3,16.1,14.4,11.4,11.5,18.1,9.1,14.3,3.0,8.8,4.8,15.3,9.3,8.2,5.2,16.2,4.6,14.2,1.1000000000000014,15.6,8.3,0.0,1.0,4.0,,,0.25,,,,,,,,,,,,,,1.02755,11.69857,,98.95638,,-0.7739999999999991,99.5,99.5,99.5,99.0
PAK,Pakistan,SA,Lower Middle Income,2018.0,37.6,34.8,40.6,38.2,37.1,30.7,40.9,56.5,44.9,31.6,30.4,22.0,1.1000000000000014,34.5,10.2,7.1,6.0,8.4,7.6,6.6,6.7,7.3,9.4,9.1,5.3,7.2,3.7,1.0,5.7,0.5999999999999996,2.5,1.9,3.2,2.3,2.6,3.0,2.2,1.8,1.9,1.2,2.4,5.3,-0.3000000000000002,-3.5,-0.7999999999999998,4.3,2.8,33.7,1.1,1.3,56.8,43.2,2024,33.6,28.3,39.3,34.5,32.6,29.3,40.2,27.6,38.1,1.8999999999999984,2.1,1.2,3.6,2.2,1.9,1.3,3.9,1.1,3.3,0.3000000000000002,40.1,15.733333333333334,0.0,4.0,18.0,5.0,13.0,0.2222222222222222,31.47288,6.88952,41.85376,,,,,,,,,,,29.39304,67.40446,55.41709819894092,65.54779,-8.634318856027264,9.95724,35.49,41.59,,96.0
PAN,Panama,LAC,High Income,2019.0,15.9,14.1,17.8,17.6,13.9,11.5,12.4,,,,,,3.700000000000001,,0.9000000000000004,1.1,0.6,1.7,1.2,0.9,1.2,1.2,,,,,,0.2999999999999999,,0.0,11.5,9.6,13.7,11.8,11.1,13.0,9.5,,,,,,0.7000000000000011,,-3.5,0.8,0.2,14.4,1.3,10.2,73.1,26.90000000000001,2024,14.0,11.7,16.7,15.3,12.7,12.8,18.3,10.6,15.3,2.6000000000000014,10.9,6.8,17.0,11.5,10.1,7.3,17.9,6.4,15.9,1.4000000000000004,27.4,9.5,0.0,7.0,26.0,,,0.2692307692307692,,,,,,,,,,,,,,12.60659,30.84499,95.5,97.33687,0.7000000000000028,-4.603060000000003,59.69,23.91,23.81,99.0
PER,Peru,LAC,Upper Middle Income,2023.0,11.5,11.0,12.2,12.5,10.5,8.2,20.3,22.5,11.5,6.8,4.4,4.5,2.0,18.0,12.1,0.6,0.5,0.7,0.7,0.5,0.6,0.6,0.6,0.6,0.8,0.2,0.4,0.1999999999999999,0.1999999999999999,0.0,7.5,7.0,8.0,8.1,6.9,8.6,4.6,4.1,6.8,8.6,9.5,11.8,1.1999999999999993,-7.700000000000001,-4.0,0.4,0.2,11.0,0.4,7.1,81.0,19.0,2024,10.6,9.9,11.4,11.6,9.6,10.9,12.5,9.0,10.3,2.0,9.0,7.6,10.8,9.6,8.4,8.1,11.5,7.1,10.1,1.1999999999999993,19.0,6.533333333333334,0.0,3.0,19.0,,,0.1578947368421052,89.48629,50.60194,22.52669,,,,,,,,,,,0.07131,,95.1,98.85308,0.1999999999999886,,73.67,92.89,,82.0
PHL,Philippines,EAP,Lower Middle Income,2021.0,26.7,25.3,28.1,27.2,26.1,,,,,,,,1.099999999999998,,,5.4,4.7,6.2,5.3,5.5,,,,,,,,-0.2000000000000001,,,3.9,3.3,4.7,4.1,3.7,,,,,,,,0.3999999999999994,,,3.7,1.7,24.3,0.6,3.3,66.3,33.7,2024,27.7,25.3,30.3,29.3,26.0,26.8,32.1,23.7,28.6,3.3000000000000007,3.3,2.4,4.6,3.5,3.1,2.5,4.9,2.2,4.3,0.3999999999999999,30.6,12.0,0.0,2.0,9.0,3.0,6.0,0.2222222222222222,84.48281,20.64752,54.29625,,,,,,,,,,,4.07627,16.70764,95.1556262902658,98.81543,6.614674480670772,-6.829909999999998,46.27,84.79,73.04,86.0
PNG,Papua New Guinea,EAP,Lower Middle Income,2010.0,49.5,45.8,53.1,50.9,47.9,36.4,51.2,,,,,,3.0,,14.800000000000004,14.1,12.3,16.0,14.4,13.7,14.0,14.1,,,,,,0.7000000000000011,,0.0999999999999996,13.7,11.5,16.3,14.3,13.1,11.8,14.0,,,,,,1.200000000000001,,2.1999999999999997,10.3,3.7,38.4,7.3,6.4,33.8,66.2,2024,47.6,33.5,62.1,48.9,46.2,34.8,63.3,32.0,61.1,2.699999999999996,18.5,8.1,36.8,19.5,17.3,8.3,39.7,7.3,36.2,2.1999999999999997,63.2,25.766666666666666,0.0,8.0,27.0,4.0,23.0,0.2962962962962963,,,,,,,,,,,,,,25.17283,50.08276,,71.4,,11.303249999999998,46.83,46.38,11.67,52.0
POL,Poland,WE,High Income,2019.0,1.0,0.6,1.8,1.0,1.1,,,,,,,,-0.1,,,0.8,0.5,1.3,1.0,0.5,,,,,,,,0.5,,,7.7,6.5,9.0,8.2,7.1,,,,,,,,1.0999999999999996,,,0.7,0.1,0.9,0.0,7.7,90.6,9.400000000000006,2024,1.0,0.8,1.3,1.1,0.9,0.9,1.5,0.7,1.1,0.2,8.6,5.3,13.5,9.1,8.0,5.7,14.5,4.9,12.7,1.0999999999999996,8.7,3.1666666666666665,1.0,,,,,,,,,,,,,,,,,,,4.30842,6.92797,,,,-1.1194500000000005,99.5,99.5,99.5,91.0
PRK,Democratic People's Republic of Korea,EAP,Low Income,2017.0,19.1,,,18.4,19.9,15.6,24.4,,,,,,-1.5,,8.799999999999999,2.5,,,3.0,2.0,1.7,3.7,,,,,,1.0,,2.0,2.3,,,2.3,2.3,2.6,1.9,,,,,,0.0,,-0.7000000000000002,5.8,2.9,41.2,0.6,0.3,49.2,50.8,2024,16.6,13.3,20.6,17.5,15.6,14.1,21.8,12.5,19.5,1.9000000000000004,3.3,1.7,6.3,3.6,3.1,1.9,6.8,1.6,5.9,0.5,21.4,7.966666666666668,0.0,0.0,0.0,0.0,0.0,,,,,,,,,,,,,,,,11.07315,100.0,,0.0,-0.3307599999999997,,,,99.0
PRT,Portugal,WE,High Income,2016.0,3.2,1.7,6.0,3.1,3.5,,,,,,,,-0.3999999999999999,,,1.1,,,,,,,,,,,,,,,7.1,4.6,10.8,4.7,9.8,,,,,,,,-5.1000000000000005,,,0.6,0.0,3.2,0.1,7.0,89.2,10.799999999999995,2024,3.2,2.1,4.7,3.5,2.8,2.4,5.3,1.9,4.2,0.7000000000000002,9.4,4.7,17.8,10.0,8.7,5.1,18.7,4.4,16.7,1.3000000000000007,10.3,3.8,1.0,,,,,,,,,,,,,,,,,,,3.8045,2.92029,,99.47964,,2.55917,99.5,99.5,99.5,
PRY,Paraguay,LAC,Upper Middle Income,2016.0,5.6,4.6,6.8,6.7,4.4,4.0,7.9,12.3,5.3,3.7,2.7,0.8,2.3,11.5,3.9,1.0,0.7,1.4,1.0,0.9,1.0,0.9,0.7,1.0,1.4,1.0,0.6,0.0999999999999999,0.0999999999999999,-0.0999999999999999,12.4,11.0,14.1,13.0,11.9,13.5,10.8,8.8,12.4,11.1,15.8,16.8,1.0999999999999996,-8.0,-2.6999999999999997,0.9,0.1,5.0,0.6,11.9,81.6,18.40000000000001,2024,3.2,2.3,4.4,3.5,2.9,2.6,4.8,2.1,3.9,0.6000000000000001,15.4,8.6,26.1,16.3,14.4,9.2,27.5,8.0,24.7,1.9000000000000004,18.0,6.333333333333333,1.0,4.0,22.0,,,0.1818181818181818,,,,,,,,,,,,,,10.95186,29.57058,95.1,98.70381,6.399999999999992,-2.683100000000003,,94.1,,79.0
PSE,State of Palestine,MENA,Lower Middle Income,2020.0,8.7,7.9,9.6,8.6,8.8,8.6,9.2,10.4,9.8,9.0,7.1,6.4,-0.200000000000001,4.0,0.5999999999999996,1.3,1.0,1.7,1.3,1.3,1.3,1.3,1.0,1.0,1.2,1.9,1.8,0.0,-0.8,0.0,8.6,7.8,9.5,10.2,6.9,8.5,10.4,5.7,6.6,9.1,10.7,12.4,3.299999999999999,-6.7,1.9000000000000004,1.3,0.1,7.2,1.4,7.2,82.8,17.200000000000003,2024,8.0,6.8,9.4,8.4,7.6,7.1,9.9,6.4,9.0,0.8000000000000007,8.8,5.8,13.2,9.4,8.2,6.2,14.0,5.4,12.4,1.200000000000001,17.299999999999997,6.2,0.0,1.0,13.0,,,0.0769230769230769,,,,,,,,,,,,,,6.27012,25.64829,99.5,99.31307,0.7000000000000028,-18.5542,99.5,97.15,,87.0
QAT,Qatar,MENA,High Income,2023.0,6.2,6.0,6.5,7.2,5.2,,,,,,,,2.0,,,1.6,,,,,,,,,,,,,,,10.0,9.8,10.3,10.5,9.5,,,,,,,,1.0,,,1.9,0.2,5.4,0.7,9.3,82.5,17.5,2024,5.4,4.9,6.0,6.1,4.7,5.6,6.8,4.3,5.3,1.3999999999999997,8.6,6.9,10.8,9.2,8.0,7.3,11.6,6.4,10.1,1.1999999999999993,16.2,5.933333333333334,1.0,0.0,2.0,0.0,2.0,0.0,,,,,,,,,,,,,,1.74021,16.15717,,97.26477,,-26.81375,99.5,99.5,99.5,99.0
ROU,Romania,EECA,High Income,2002.0,12.8,12.3,13.4,14.4,11.1,13.5,12.7,,,,,,3.3000000000000007,,-0.8000000000000007,3.5,3.2,3.8,3.6,3.4,2.8,4.1,,,,,,0.2000000000000001,,1.2999999999999998,8.3,7.9,8.8,8.6,8.1,9.9,7.0,,,,,,0.5,,-2.9000000000000004,3.3,0.1,8.9,3.7,4.6,79.2,20.8,2024,7.0,3.4,13.7,7.4,6.5,3.6,14.7,3.2,12.9,0.9000000000000004,4.8,1.5,14.8,5.1,4.5,1.5,15.9,1.4,13.9,0.5999999999999996,21.1,8.200000000000001,0.0,0.5,6.9,,,0.072463768115942,,,,,,,,,,,,,,9.90415,22.03563,,98.97622,,-1.3278399999999984,93.88,90.82,90.82,94.0
RWA,Rwanda,ESA,Low Income,2020.0,33.1,31.4,34.9,37.0,29.2,19.8,35.8,48.5,40.5,32.8,28.6,10.7,7.800000000000001,37.8,15.999999999999996,1.1,0.8,1.5,0.9,1.4,1.6,1.0,1.4,1.1,1.2,0.8,1.1,-0.4999999999999999,0.2999999999999998,-0.6000000000000001,5.6,4.9,6.5,5.8,5.4,6.7,5.4,5.5,3.6,5.5,6.3,7.4,0.3999999999999994,-1.9000000000000004,-1.2999999999999998,0.7,0.4,30.9,1.8,3.8,62.4,37.6,2024,29.8,26.7,33.0,32.6,27.0,29.5,36.0,24.1,30.2,5.600000000000001,5.1,3.4,7.5,5.4,4.7,3.6,8.0,3.2,7.0,0.7000000000000002,38.7,13.266666666666667,0.0,0.0,6.0,0.0,6.0,0.0,38.72865,32.81895,11.52734,,,,,,,,,,,5.74566,,60.9,86.26225,13.0,,54.05,69.6,,99.0
SAU,Saudi Arabia,MENA,High Income,2020.0,10.8,9.7,12.1,13.6,8.0,,,,,,,,5.6,,,3.9,,,,,,,,,,,,,,,11.6,10.4,12.9,11.8,11.5,,,,,,,,0.3000000000000007,,,6.1,0.1,7.0,3.7,7.9,75.2,24.8,2024,11.1,9.7,12.8,12.4,9.9,10.8,14.3,8.6,11.4,2.5,8.4,5.7,12.3,9.0,7.9,6.2,13.0,5.4,11.4,1.0999999999999996,22.4,8.766666666666667,1.0,0.4,3.4,,,0.1176470588235294,,,,,,,,,,,,,,0.3292,7.52954,,99.13699,,-1.4829800000000004,99.5,99.5,99.5,97.0
SDN,Sudan,ESA,Low Income,2014.0,38.2,36.4,40.1,40.3,36.1,27.1,42.9,44.0,47.3,43.6,33.8,21.1,4.199999999999996,22.9,15.799999999999995,16.3,15.2,17.4,16.9,15.7,13.4,17.4,20.1,17.8,15.4,15.4,11.7,1.1999999999999993,8.400000000000002,3.9999999999999982,3.0,2.3,3.8,3.2,2.8,2.5,3.2,1.4,2.0,3.4,3.8,4.8,0.4000000000000003,-3.4,0.7000000000000002,9.8,6.5,29.9,1.9,1.1,50.8,49.2,2024,35.4,26.9,44.9,36.6,34.1,28.0,46.2,26.0,43.3,2.5,2.6,1.2,5.6,2.8,2.4,1.3,6.0,1.1,5.2,0.3999999999999999,41.2,19.166666666666668,0.0,12.0,34.0,,,0.3529411764705882,,,,86.6,85.5,87.2,88.0,81.7,80.7,90.0,91.6,-3.5999999999999943,1.7000000000000028,38.41319,,72.58979487293689,,1.6976682342545786,,43.47,,7.56,49.0
SEN,Senegal,WCA,Lower Middle Income,2023.0,17.5,16.0,19.0,18.5,16.4,12.0,20.9,25.2,21.4,15.0,13.7,7.7,2.1000000000000014,17.5,8.899999999999999,10.2,9.0,11.5,11.4,8.8,6.9,12.2,13.1,11.0,10.5,7.5,6.9,2.6,6.199999999999999,5.299999999999999,1.1,0.6,2.3,0.9,1.4,2.0,0.6,0.8,0.6,1.0,1.0,2.7,-0.4999999999999999,-1.9,-1.4,,2.5,,0.2,,,,2024,17.2,15.8,18.7,19.0,15.3,17.5,20.8,14.1,16.8,3.6999999999999993,2.1,1.6,2.8,2.3,2.0,1.7,3.0,1.5,2.7,0.2999999999999998,18.6,9.6,0.0,9.0,30.0,1.0,29.0,0.3,42.7712,5.50955,10.95308,20.1,16.5,23.5,42.7,24.0,17.6,13.1,10.1,32.6,7.0,20.59842,62.3304,51.01004899261405,63.50271,3.2047448574492137,-2.161699999999996,72.79,77.97,21.91,92.0
SGP,Singapore,EAP,High Income,2000.0,4.5,4.2,4.8,5.0,3.9,,,,,,,,1.1,,,3.6,3.3,3.9,3.9,3.3,,,,,,,,0.6000000000000001,,,2.5,2.3,2.8,3.0,1.9,,,,,,,,1.1,,,3.3,0.3,3.9,0.3,2.2,90.0,10.0,2024,2.8,1.3,5.9,3.1,2.4,1.4,6.7,1.1,5.2,0.7000000000000002,3.8,1.1,12.8,4.1,3.5,1.2,13.4,1.0,11.9,0.5999999999999996,7.0,3.533333333333333,0.0,0.0,0.0,,,,,,,,,,,,,,,,,,,,99.94051,,,99.5,99.5,99.5,95.0
SLB,Solomon Islands,EAP,Lower Middle Income,2015.0,31.7,29.4,34.1,33.7,29.6,27.3,32.5,36.6,32.0,33.3,29.3,24.5,4.100000000000001,12.1,5.199999999999999,8.5,7.2,10.0,8.4,8.5,6.3,8.9,10.6,7.7,8.0,7.5,8.0,-0.0999999999999996,2.6,2.6000000000000005,4.5,3.7,5.4,4.6,4.4,5.2,4.4,3.4,3.6,4.4,5.5,6.6,0.1999999999999993,-3.2,-0.7999999999999998,6.4,2.0,27.2,2.5,2.1,59.8,40.2,2024,29.8,22.9,37.8,31.4,28.1,24.6,39.4,21.8,35.5,3.299999999999997,6.2,3.1,12.2,6.6,5.8,3.3,13.1,2.8,11.6,0.7999999999999998,36.2,14.9,0.0,6.0,21.0,4.0,17.0,0.2857142857142857,,,,,,,,,,,,,,30.20762,,,,,,30.97,18.78,,83.0
SLE,Sierra Leone,WCA,Low Income,2021.0,26.3,24.9,27.6,29.1,23.6,23.2,27.9,,,,,,5.5,,4.699999999999999,6.3,5.6,7.2,7.0,5.7,7.0,6.0,,,,,,1.2999999999999998,,-1.0,2.8,2.4,3.3,2.8,2.8,2.6,2.9,,,,,,0.0,,0.2999999999999998,4.6,1.7,23.2,1.4,1.4,67.7,32.3,2024,25.2,22.9,27.7,27.6,22.7,25.2,30.5,20.6,25.2,4.900000000000002,5.4,3.8,7.7,5.8,5.1,4.1,8.2,3.6,7.2,0.7000000000000002,29.1,11.8,0.0,9.0,30.0,4.0,26.0,0.3,77.62457,7.75761,81.81805,83.0,76.4,88.7,90.3,90.1,86.6,79.9,72.2,18.099999999999994,12.299999999999995,0.54045,62.712,65.1,50.85709,1.7999999999999972,2.0482200000000006,39.39,48.65,22.08,97.0
SLV,El Salvador,LAC,Upper Middle Income,2021.0,10.0,,,10.9,9.1,,,,,,,,1.8000000000000007,,,2.9,,,3.2,2.7,,,,,,,,0.5,,,8.3,,,8.3,8.4,,,,,,,,-0.0999999999999996,,,1.6,0.6,12.6,0.5,5.9,78.9,21.099999999999994,2024,9.4,8.1,11.0,10.3,8.5,8.8,12.1,7.3,10.0,1.8000000000000007,8.5,5.9,12.0,9.0,7.9,6.2,13.0,5.5,11.3,1.0999999999999996,18.3,7.066666666666667,0.0,4.0,20.0,,,0.2,,,,,,,,,,,,,,18.22823,35.38044,88.6,98.14964,4.299999999999997,1.59319,81.72,84.46,,99.0
SOM,Somalia,ESA,Low Income,2009.0,25.3,22.7,28.0,27.7,22.7,19.3,26.8,,,,,,5.0,,7.5,14.3,12.2,16.7,15.9,12.6,11.8,15.0,,,,,,3.3000000000000007,,3.1999999999999997,3.0,1.9,4.6,2.8,3.1,1.4,2.9,,,,,,-0.3000000000000002,,1.5,10.4,4.0,20.1,1.2,1.7,62.6,37.4,2024,23.9,14.2,37.3,25.7,22.0,15.8,39.1,13.0,34.8,3.6999999999999993,2.5,0.9,6.6,2.6,2.3,0.9,7.2,0.8,6.3,0.3000000000000002,28.3,14.2,0.0,8.0,45.0,,,0.1777777777777777,,,,99.2,99.0,99.4,99.3,99.5,99.1,99.5,98.6,0.7000000000000028,0.4000000000000057,,,,,,,52.85,,,74.0
SRB,Serbia,EECA,Upper Middle Income,2019.0,5.4,3.8,7.6,7.4,3.1,5.9,4.9,9.6,4.2,5.2,4.9,3.0,4.300000000000001,6.6,-1.0,2.6,1.6,4.2,3.2,1.9,4.3,0.8,2.6,1.4,2.4,4.5,1.6,1.3000000000000005,1.0,-3.5,10.9,8.7,13.7,12.7,8.9,12.6,9.1,8.9,7.3,10.8,13.0,13.8,3.799999999999999,-4.9,-3.5,2.6,0.0,3.5,2.0,9.0,83.0,17.0,2024,4.6,3.7,5.7,4.8,4.3,3.9,6.0,3.5,5.3,0.5,12.2,7.6,19.2,13.0,11.4,8.0,20.4,7.1,18.1,1.5999999999999996,16.3,6.3,1.0,1.0,6.0,1.0,5.0,0.1666666666666666,,,,,,,,,,,,,,1.358,9.87155,99.8,99.72468,0.8999999999999915,-2.4421300000000006,98.45,98.83,84.74,98.0
SSD,South Sudan,ESA,Low Income,2010.0,31.3,29.6,33.0,33.4,29.1,29.2,32.0,31.2,34.3,32.7,32.2,26.6,4.299999999999997,4.599999999999998,2.8000000000000007,22.7,21.1,24.5,25.7,19.7,18.1,24.2,28.5,27.9,21.6,20.3,16.1,6.0,12.4,6.099999999999998,6.0,5.2,6.9,6.1,5.9,4.4,6.5,4.7,6.3,6.9,7.1,5.1,0.1999999999999993,-0.3999999999999994,2.1,16.8,6.0,21.8,3.5,2.5,49.4,50.6,2024,30.0,19.2,43.6,32.1,27.8,20.8,46.1,17.8,40.8,4.300000000000001,4.3,1.7,10.4,4.5,4.0,1.7,11.5,1.5,10.0,0.5,37.3,20.0,0.0,9.0,52.0,,,0.173076923076923,,,,,,,,,,,,,,72.23413,74.81652,17.6,,-12.4,13.55238,,36.65,18.11,72.0
STP,Sao Tome and Principe,WCA,Lower Middle Income,2019.0,11.7,10.0,13.8,13.0,10.4,11.7,11.8,16.3,12.5,10.8,10.3,6.9,2.6,9.4,0.1000000000000014,4.1,3.1,5.4,5.9,2.3,4.4,3.5,5.7,4.0,4.7,3.0,2.4,3.6000000000000005,3.3000000000000003,-0.9000000000000004,4.5,3.5,5.8,5.6,3.4,4.6,4.2,4.6,2.4,5.2,5.5,4.7,2.2,-0.1000000000000005,-0.3999999999999994,3.6,0.5,10.0,1.2,3.3,81.4,18.599999999999994,2024,10.0,8.0,12.3,11.1,8.8,9.0,13.8,7.1,10.9,2.299999999999999,6.4,3.8,10.7,6.8,6.0,4.1,11.4,3.5,10.1,0.7999999999999998,16.2,6.766666666666666,0.0,5.0,28.0,3.0,25.0,0.1785714285714285,74.52686,21.412,,,,,,,,,,,,3.27321,17.76,85.6,96.35088,6.899999999999992,-2.416409999999999,,75.82,,80.0
SUR,Suriname,LAC,Upper Middle Income,2018.0,8.3,6.8,10.1,10.1,6.5,8.3,6.4,11.6,7.7,6.9,6.4,4.7,3.6,6.9,-1.9000000000000004,5.5,4.5,6.8,6.2,4.8,6.3,5.5,3.6,6.2,6.4,6.6,6.8,1.4000000000000004,-3.2,-0.7999999999999998,3.5,2.8,4.4,3.3,3.8,3.0,5.3,3.1,4.2,3.5,3.2,4.2,-0.5,-1.1,2.3,5.0,0.5,7.5,0.3,3.2,83.4,16.599999999999994,2024,8.0,6.4,9.8,8.7,7.1,7.1,10.9,5.8,8.9,1.5999999999999996,3.7,2.2,6.3,4.0,3.5,2.3,7.0,2.0,6.1,0.5,11.8,5.766666666666667,0.0,9.0,36.0,20.0,16.0,0.25,,,,,,,,,,,,,,7.91656,33.46942,89.9,97.25966,9.900000000000006,-8.241109999999999,,,,
SWZ,Eswatini,ESA,Lower Middle Income,2021.0,20.0,18.3,21.9,22.7,17.3,16.9,20.8,26.7,24.5,17.7,14.2,13.6,5.399999999999999,13.1,3.900000000000002,1.8,1.3,2.6,2.1,1.5,1.8,1.8,1.6,2.4,1.1,2.9,1.1,0.6000000000000001,0.5,0.0,9.8,8.5,11.3,10.2,9.5,10.0,9.8,7.9,9.7,9.3,9.8,13.5,0.6999999999999993,-5.6,-0.1999999999999993,1.4,0.4,18.2,1.4,8.4,70.1,29.90000000000001,2024,18.9,16.5,21.6,21.1,16.6,18.6,24.1,14.5,19.3,4.5,10.2,7.1,14.5,10.9,9.5,7.6,15.4,6.6,13.7,1.4000000000000004,29.8,10.533333333333331,0.0,0.0,2.0,0.0,2.0,0.0,75.7839,42.784040000000005,80.00956000000001,,,,,,,,,,,24.78219,29.57662,67.5,94.74849,15.700000000000005,4.480569999999997,,,,86.0
SYC,Seychelles,ESA,High Income,2012.0,7.9,6.3,9.9,8.9,7.0,,,,,,,,1.9000000000000004,,,4.3,3.2,5.8,4.2,4.4,,,,,,,,-0.2000000000000001,,,10.2,8.3,12.3,10.4,10.0,,,,,,,,0.4000000000000003,,,4.1,0.2,5.7,2.0,8.2,79.8,20.200000000000003,2024,6.2,3.6,10.4,7.0,5.4,4.2,11.6,3.2,9.0,1.5999999999999996,10.9,4.7,23.3,11.6,10.2,5.1,24.4,4.3,22.4,1.4000000000000004,18.1,7.466666666666666,1.0,,,,,,,,,,,,,,,,,,,,3.62832,,99.38308,,-1.0765600000000002,99.5,99.5,99.5,99.0
SYR,Syrian Arab Republic,MENA,Low Income,2010.0,27.9,26.6,29.3,28.9,26.8,27.8,28.0,33.5,28.2,26.3,24.1,22.2,2.099999999999998,11.3,0.1999999999999993,11.5,10.7,12.4,12.5,10.5,11.7,11.4,12.6,10.2,11.9,11.6,11.2,2.0,1.4000000000000004,-0.2999999999999989,17.9,16.7,19.2,17.8,18.1,19.8,16.0,17.6,18.7,18.6,17.6,16.5,-0.3000000000000007,1.1000000000000014,-3.8000000000000007,10.4,1.2,15.6,11.1,6.8,54.9,45.1,2024,23.5,14.6,35.5,24.4,22.5,15.4,36.5,14.1,34.1,1.8999999999999984,11.0,4.6,24.2,11.7,10.3,4.8,25.9,4.3,22.8,1.3999999999999986,45.8,19.1,0.0,3.0,13.0,,,0.2307692307692307,,,,,,,,,,,,,,33.47743,67.14821,,,,-0.5053199999999975,84.66,86.84,,84.0
TCA,Turks and Caicos Islands,LAC,High Income,2020.0,4.6,1.0,18.2,1.8,7.0,4.7,0.0,14.8,3.2,0.0,0.0,0.0,-5.2,14.8,-4.7,1.2,0.3,4.6,2.6,0.0,1.2,0.0,0.0,2.1,3.6,0.4,0.0,2.6,0.0,-1.2,18.2,12.8,25.2,14.5,21.2,18.2,15.4,19.9,19.1,16.4,17.7,16.5,-6.699999999999999,3.3999999999999986,-2.799999999999999,1.2,0.0,0.9,3.7,14.5,79.8,20.200000000000003,2024,3.2,2.1,4.9,3.6,2.8,2.3,5.6,1.8,4.4,0.8000000000000003,18.3,11.7,27.6,19.4,17.2,12.6,28.8,10.8,26.5,2.1999999999999997,22.8,8.0,1.0,0.0,23.0,5.0,18.0,0.0,,,,,,,,,,,,,,,,,,,,98.71,98.71,98.71,
TCD,Chad,WCA,Low Income,2022.0,31.9,30.3,33.6,34.8,29.0,,,,,,,,5.799999999999997,,,7.8,7.0,8.6,8.7,6.8,,,,,,,,1.8999999999999997,,,2.2,1.8,2.6,2.4,2.0,,,,,,,,0.3999999999999999,,,4.6,3.1,27.8,0.9,1.2,62.2,37.8,2024,31.5,29.5,33.6,33.7,29.3,31.6,36.0,27.3,31.4,4.400000000000002,2.5,1.9,3.2,2.6,2.3,2.0,3.4,1.8,3.0,0.3000000000000002,34.1,13.966666666666669,0.0,24.0,61.0,8.0,53.0,0.3934426229508196,33.44092,2.25444,21.08193,34.1,32.2,34.6,40.8,35.3,34.8,30.1,30.3,10.499999999999996,2.3999999999999986,34.39988,87.75322,23.8,22.38715,-6.800000000000001,16.487809999999996,30.38,19.38,9.82,92.0
TGO,Togo,WCA,Low Income,2017.0,23.8,21.9,25.7,26.2,21.3,14.2,29.7,33.2,29.0,27.9,15.2,10.9,4.899999999999999,22.300000000000004,15.5,5.7,5.0,6.6,6.2,5.3,5.5,5.8,7.2,6.5,4.5,6.0,4.0,0.9000000000000004,3.2,0.2999999999999998,1.5,1.1,2.0,1.4,1.6,1.2,1.7,1.0,1.7,2.6,0.8,1.5,-0.2000000000000001,-0.5,0.5,3.9,1.8,21.5,0.5,1.0,71.3,28.700000000000003,2024,23.0,19.1,27.4,25.1,20.8,21.0,29.9,17.2,25.0,4.300000000000001,3.6,1.9,6.5,3.8,3.3,2.1,7.1,1.8,6.2,0.5,25.3,10.333333333333334,0.0,6.0,25.0,3.0,22.0,0.24,51.21925,7.658239999999999,13.70415,3.1,2.5,3.6,4.2,3.5,2.6,3.6,1.9,2.3000000000000003,1.1,11.26805,65.96714,58.9,78.37085,-6.699999999999996,18.944830000000003,65.38,16.82,17.0,96.0
THA,Thailand,EAP,Upper Middle Income,2022.0,12.4,11.1,13.9,12.7,12.2,12.3,12.6,13.7,13.2,11.6,11.6,11.8,0.5,1.8999999999999984,0.2999999999999989,7.2,6.1,8.4,7.8,6.5,8.1,6.6,8.3,7.1,7.7,6.7,5.7,1.2999999999999998,2.6000000000000005,-1.5,10.9,9.6,12.4,10.5,11.3,11.0,10.8,10.8,9.2,10.0,12.7,12.3,-0.8000000000000007,-1.5,-0.1999999999999993,6.4,0.8,8.9,2.8,8.1,73.0,27.0,2024,12.3,11.0,13.8,13.1,11.5,11.8,14.8,10.3,12.9,1.5999999999999996,9.9,7.4,13.1,10.5,9.2,7.9,14.0,6.9,12.3,1.3000000000000007,23.3,10.166666666666666,0.0,6.0,17.0,6.0,11.0,0.3529411764705882,,,,,,,,,,,,,,,21.00417,97.80450011203884,98.29299,-0.1811094907781836,0.1530299999999975,99.5,99.5,99.5,99.0
TJK,Tajikistan,EECA,Lower Middle Income,2023.0,13.7,,,15.1,12.0,,,,,,,,3.1,,,6.4,,,6.9,5.8,,,,,,,,1.1000000000000003,,,4.6,,,3.9,5.2,,,,,,,,-1.3000000000000005,,,4.7,0.8,15.4,1.3,2.0,75.7,24.3,2024,13.1,11.7,14.7,13.9,12.2,12.4,15.7,10.9,13.8,1.700000000000001,4.6,3.3,6.3,4.9,4.3,3.6,6.7,3.1,5.9,0.6000000000000005,18.3,8.233333333333334,0.0,0.0,9.0,,,0.0,61.313930000000006,1.8147,,,,,,,,,,,,2.15422,,97.84585186197732,99.9,-1.1837432217119217,,,,,99.0
TKM,Turkmenistan,EECA,Upper Middle Income,2019.0,7.2,6.2,8.3,7.4,6.9,5.9,8.0,8.4,7.0,7.8,7.6,4.5,0.5,3.9,2.1,4.1,3.3,5.0,4.7,3.5,4.1,4.1,2.8,3.5,5.6,3.7,5.4,1.2000000000000002,-2.6000000000000005,0.0,3.1,2.5,3.8,3.7,2.4,2.4,3.5,4.5,3.0,3.3,2.1,2.2,1.3000000000000005,2.3,1.1,4.1,0.0,6.3,0.8,2.3,86.5,13.5,2024,6.5,5.3,7.8,6.8,6.1,5.6,8.3,5.0,7.4,0.7000000000000002,4.8,2.8,8.0,5.1,4.4,3.0,8.5,2.7,7.3,0.6999999999999993,10.3,4.8,0.0,0.0,6.0,,,0.0,,,,,,,,,,,,,,,,99.7,99.9,-0.2999999999999971,,99.5,99.5,99.5,98.0
TLS,Timor-Leste,EAP,Lower Middle Income,2020.0,46.7,45.3,48.1,48.6,44.7,35.7,52.8,59.1,56.9,54.8,44.1,29.7,3.899999999999999,29.4,17.099999999999994,8.3,7.7,9.0,9.9,6.6,9.6,7.6,7.3,7.1,10.3,8.9,9.4,3.3000000000000007,-2.1000000000000005,-2.0,1.3,1.0,1.7,1.2,1.3,1.7,1.1,0.9,1.3,0.8,1.9,2.2,-0.1,-1.3000000000000005,-0.5999999999999999,4.2,4.0,42.2,0.4,0.9,48.2,51.8,2024,45.4,41.1,49.8,47.0,43.8,42.6,51.5,39.4,48.4,3.200000000000003,1.2,0.7,1.9,1.3,1.1,0.8,2.0,0.7,1.8,0.1999999999999999,48.0,18.766666666666666,0.0,3.0,15.0,1.0,14.0,0.2,53.18626,8.13307,73.89797999999999,,,,,,,,,,,17.72786,25.92439,84.82213665242767,78.56844,7.960651122028835,-3.983520000000002,70.28,,65.72,90.0
TON,Tonga,EAP,Upper Middle Income,2019.0,2.2,1.3,3.6,2.5,1.8,2.1,2.2,3.2,3.0,1.6,1.9,0.7,0.7,2.5,0.1,1.1,0.6,1.9,1.2,1.0,1.5,0.9,1.3,1.3,1.0,0.9,0.7,0.1999999999999999,0.6000000000000001,-0.6,11.2,8.9,13.9,12.2,9.9,15.6,10.0,10.0,11.1,11.3,14.7,8.2,2.299999999999999,1.8000000000000007,-5.6,1.0,0.0,1.6,0.6,10.6,86.2,13.799999999999995,2024,1.6,1.3,2.1,1.7,1.5,1.4,2.3,1.1,1.9,0.1999999999999999,9.5,5.9,14.9,10.1,8.8,6.2,16.1,5.4,14.1,1.299999999999999,13.4,4.833333333333333,1.0,0.0,10.0,3.0,7.0,0.0,,,,,,,,,,,,,,2.55557,37.99815,,99.51043,,-9.57671,95.03,95.52,83.59,99.0
TTO,Trinidad and Tobago,LAC,High Income,2011.0,9.2,7.2,11.6,12.2,6.4,8.1,10.7,8.8,8.1,10.1,5.9,14.6,5.799999999999999,-5.799999999999999,2.6,6.4,4.9,8.4,5.7,7.1,4.2,9.4,6.9,5.3,7.5,5.0,6.8,-1.3999999999999997,0.1000000000000005,5.2,11.4,9.3,13.9,13.0,9.8,11.7,11.0,10.0,9.2,13.2,13.8,11.4,3.1999999999999997,-1.4000000000000004,-0.6999999999999993,5.8,0.6,5.2,3.4,7.9,77.1,22.90000000000001,2024,7.8,4.6,13.0,8.8,6.8,5.3,14.4,4.0,11.5,2.000000000000001,15.0,6.6,30.7,15.9,14.0,7.0,32.3,6.2,28.9,1.9000000000000004,20.6,9.0,1.0,1.0,4.0,,,0.25,,,,,,,,,,,,,,,,,99.6,,,,,,
TUN,Tunisia,MENA,Lower Middle Income,2018.0,8.4,7.2,9.8,8.0,8.8,7.6,9.8,11.1,8.3,7.0,7.5,8.3,-0.8000000000000007,2.799999999999999,2.200000000000001,2.1,1.6,2.7,2.1,2.1,2.1,2.1,2.6,1.6,2.3,1.5,2.4,0.0,0.2000000000000001,0.0,17.2,15.5,19.0,18.0,16.5,19.4,13.4,13.1,14.1,17.9,20.5,20.8,1.5,-7.700000000000001,-5.999999999999998,2.0,0.1,5.0,3.3,13.9,75.7,24.3,2024,8.9,7.1,11.0,9.4,8.4,7.6,11.6,6.8,10.4,1.0,17.5,10.4,27.8,18.5,16.4,11.2,29.1,9.9,26.1,2.1000000000000014,25.6,9.233333333333333,1.0,0.0,2.0,0.0,2.0,0.0,,,,,,,,,,,,,,,,96.5,95.80119,2.9000000000000057,,,,,98.0
TUR,Türkiye,EECA,Upper Middle Income,2018.0,6.0,4.9,7.3,6.1,5.8,5.4,7.7,12.3,6.7,3.8,2.8,2.2,0.2999999999999998,10.1,2.3,1.7,1.1,2.5,1.7,1.6,1.6,2.0,1.8,0.8,1.9,1.9,2.0,0.0999999999999998,-0.1999999999999999,0.3999999999999999,8.1,6.7,9.7,9.3,6.8,8.8,6.0,6.8,7.9,7.7,9.2,9.4,2.500000000000001,-2.6000000000000005,-2.8000000000000007,1.6,0.1,5.3,0.6,7.5,84.9,15.099999999999994,2024,5.5,4.4,6.9,5.8,5.2,4.7,7.2,4.2,6.5,0.5999999999999996,7.7,4.6,12.7,8.2,7.2,4.9,13.5,4.2,12.0,0.9999999999999992,14.1,5.266666666666667,1.0,2.0,15.0,,,0.1333333333333333,56.20145,16.8796,15.23975,,,,,,,,,,,5.95287,16.45536,97.9,99.37155,-1.1999999999999886,1.0094199999999989,99.5,99.5,99.5,96.0
TUV,Tuvalu,EAP,Upper Middle Income,2019.0,5.7,3.9,8.3,5.7,5.6,5.1,6.7,7.9,8.8,2.8,1.9,7.6,0.1000000000000005,0.3000000000000007,1.6000000000000003,2.8,1.3,5.7,3.2,2.2,3.1,2.1,1.7,2.1,2.0,4.2,3.9,1.0,-2.2,-1.0,4.2,2.6,6.7,4.8,3.6,4.5,3.7,1.9,4.2,4.2,5.9,5.0,1.1999999999999995,-3.1,-0.7999999999999998,2.5,0.2,4.4,1.0,3.2,88.6,11.400000000000006,2024,5.3,4.2,6.5,5.6,4.8,4.6,7.0,3.9,6.0,0.7999999999999998,4.1,2.3,7.0,4.3,3.8,2.6,7.4,2.2,6.5,0.5,9.9,4.233333333333333,0.0,0.0,2.0,2.0,0.0,0.0,,,,,,,,,,,,,,,46.40288,,,,-11.7911,76.55,85.76,96.05,99.0
TZA,United Republic of Tanzania,ESA,Lower Middle Income,2022.0,30.0,28.0,32.1,33.3,26.6,20.5,33.4,38.6,34.5,31.2,27.1,14.6,6.699999999999996,24.0,12.9,3.1,2.6,3.7,3.9,2.4,2.9,3.2,3.9,2.8,3.4,2.6,2.8,1.5,1.1,0.3000000000000002,3.6,3.1,4.2,3.7,3.5,3.5,3.7,3.2,4.1,4.0,3.2,3.7,0.2000000000000001,-0.5,0.2000000000000001,2.2,1.0,27.9,1.2,2.5,65.4,34.599999999999994,2024,29.9,27.7,32.3,32.6,27.2,30.4,35.1,25.2,29.5,5.400000000000002,4.7,3.6,6.2,5.1,4.4,3.8,6.7,3.3,5.8,0.6999999999999993,33.6,12.233333333333334,0.0,5.0,29.0,4.0,25.0,0.1724137931034483,47.532990000000005,13.31356,58.1889,8.2,3.5,10.7,19.6,10.4,6.9,5.5,3.1,16.5,7.199999999999999,17.92332,88.3636,83.5,84.6408,8.299999999999997,3.5753500000000003,,44.4,15.03,89.0
UGA,Uganda,ESA,Low Income,2022.0,24.4,,,27.2,21.6,,,,,,,,5.599999999999998,,,3.2,,,3.8,2.7,,,,,,,,1.0999999999999996,,,3.4,,,3.6,3.2,,,,,,,,0.3999999999999999,,,3.1,0.5,24.2,0.7,2.3,69.3,30.700000000000003,2024,23.5,21.5,25.6,25.8,21.1,23.7,28.3,19.3,23.3,4.699999999999999,4.2,3.0,5.8,4.5,3.9,3.2,6.3,2.9,5.4,0.6000000000000001,27.8,10.333333333333332,0.0,7.0,34.0,6.0,28.0,0.2058823529411764,50.755570000000006,20.6505,38.16926,0.3,0.2,0.4,1.0,0.3,0.2,0.1,0.1,0.9,0.2,7.57807,,36.2,81.6542,3.6000000000000014,,54.77,74.75,38.55,92.0
UKR,Ukraine,EECA,Upper Middle Income,2000.0,22.9,21.6,24.2,22.9,22.8,20.1,28.7,,,,,,0.0999999999999978,,8.599999999999998,8.2,7.4,9.1,8.5,7.9,8.2,8.2,,,,,,0.5999999999999996,,0.0,26.5,25.1,27.9,27.3,25.5,23.6,32.8,,,,,,1.8000000000000007,,9.199999999999996,8.0,0.2,10.3,12.3,14.2,55.0,45.0,2024,11.7,5.7,22.3,12.4,10.9,6.0,24.1,5.2,21.6,1.5,16.0,4.9,41.4,16.9,15.0,5.2,43.4,4.7,38.9,1.8999999999999984,49.4,19.2,1.0,0.0,9.0,4.0,5.0,0.0,70.16261,42.65834,,,,,,,,,,,,6.26277,3.64654,99.3,99.98272,-0.7000000000000028,-2.8248,91.18,,81.72,93.0
URY,Uruguay,LAC,High Income,2018.0,6.9,6.0,8.0,7.3,6.5,,,,,,,,0.7999999999999998,,,1.4,1.0,1.9,1.7,1.1,,,,,,,,0.5999999999999999,,,11.4,10.2,12.7,11.0,11.8,,,,,,,,-0.8000000000000007,,,1.3,0.1,6.1,0.7,10.6,81.1,18.90000000000001,2024,6.5,5.4,7.9,7.3,5.7,6.1,8.9,4.7,7.0,1.5999999999999996,13.5,8.4,21.0,14.3,12.6,9.1,22.1,7.8,19.8,1.700000000000001,18.3,6.566666666666667,1.0,1.0,25.0,,,0.04,,,,,,,,,,,,,,1.66683,16.21137,95.4,99.31699,3.4000000000000057,-6.697950000000002,67.49,97.0,99.5,99.0
USA,United States,NA ,High Income,2018.0,3.4,2.0,5.4,2.8,4.1,,,,,,,,-1.2999999999999998,,,0.1,0.0,0.5,0.2,0.0,,,,,,,,0.2,,,9.4,7.1,12.2,12.8,5.7,,,,,,,,7.1000000000000005,,,,,,,,,,2024,4.2,3.5,5.0,4.7,3.7,4.0,5.6,3.1,4.4,1.0,9.7,7.2,13.0,10.3,9.0,7.6,13.9,6.7,12.1,1.3000000000000007,12.8,4.3,1.0,,,,,,,,,,,,,,,,,,,4.29742,6.27499,,,,-1.0242300000000002,99.5,99.5,99.5,
UZB,Uzbekistan,EECA,Lower Middle Income,2021.0,6.5,5.8,7.3,6.0,7.1,6.1,6.9,7.1,6.3,7.2,6.6,5.2,-1.0999999999999996,1.8999999999999997,0.8000000000000007,2.4,2.0,3.0,2.9,1.9,2.3,2.5,3.1,2.3,2.5,2.5,1.6,1.0,1.5,0.2000000000000001,4.5,3.9,5.2,5.2,3.7,4.6,4.4,4.1,4.2,5.8,4.3,4.0,1.5,0.0999999999999996,-0.1999999999999993,2.4,0.0,5.7,0.8,3.7,87.4,12.599999999999994,2024,6.7,5.8,7.7,7.1,6.3,6.1,8.3,5.4,7.3,0.7999999999999998,5.5,3.8,8.0,5.9,5.1,4.0,8.6,3.5,7.5,0.8000000000000007,11.0,4.466666666666667,0.0,0.0,3.0,1.0,2.0,0.0,79.77813,14.99745,,,,,,,,,,,,2.2773,16.82546,,100.0,,1.0261999999999991,70.01,79.74,91.6,99.0
VEN,Venezuela (Bolivarian Republic of),LAC,,2009.0,13.4,,,,,,,,,,,,,,,4.1,,,,,,,,,,,,,,,6.4,,,,,,,,,,,,,,,,,,,,,,2024,11.7,6.6,19.7,12.7,10.6,7.4,21.3,6.0,18.2,2.1,7.3,2.9,17.2,7.8,6.8,3.1,18.3,2.8,15.8,1.0,19.8,7.966666666666666,0.0,,,,,,,,,,,,,,,,,,,13.92018,23.57197,,99.09258,,-8.10464,,,,66.0
VNM,Viet Nam,EAP,Lower Middle Income,2023.0,18.2,,,,,,,,,,,,,,,4.4,,,,,,,,,,,,,,,9.4,,,,,,,,,,,,,,,3.2,1.0,21.0,0.7,3.8,70.4,29.599999999999994,2024,19.2,17.6,20.8,20.3,17.9,18.9,22.1,16.5,19.5,2.400000000000002,10.5,8.1,13.5,11.2,9.8,8.7,14.3,7.7,12.6,1.3999999999999986,27.6,10.666666666666666,0.0,1.0,15.0,2.0,13.0,0.0666666666666666,26.5644,14.14351,,,,,,,,,,,,,,97.0,,0.7000000000000028,,67.79,93.35,71.93,96.0
VUT,Vanuatu,EAP,Lower Middle Income,2013.0,28.9,25.1,33.0,33.2,24.5,19.3,31.9,39.7,25.6,28.8,27.3,17.0,8.700000000000003,22.700000000000003,12.599999999999998,4.7,3.7,6.0,5.5,4.0,2.6,5.4,1.8,7.0,5.1,6.2,3.5,1.5,-1.7,2.8000000000000003,4.9,3.7,6.6,5.2,4.7,7.3,4.2,5.2,3.7,4.9,4.4,7.4,0.5,-2.2,-3.1,3.6,1.1,25.9,1.8,3.1,64.4,35.599999999999994,2024,31.0,22.2,41.5,32.5,29.5,23.5,43.1,21.1,39.7,3.0,5.5,2.4,12.2,5.9,5.1,2.5,13.1,2.2,11.3,0.8000000000000007,33.8,12.833333333333334,0.0,5.0,21.0,8.0,13.0,0.238095238095238,,,,,,,,,,,,,,12.02528,45.80214,,95.6,,2.843180000000004,,,,85.0
WSM,Samoa,EAP,Lower Middle Income,2019.0,7.3,6.1,8.8,7.6,6.9,9.7,6.9,7.5,6.3,7.6,9.6,5.0,0.6999999999999993,2.5,-2.799999999999999,3.1,2.4,3.9,2.9,3.2,3.9,2.9,3.2,2.3,2.4,3.3,4.5,-0.3000000000000002,-1.2999999999999998,-1.0,8.7,7.6,10.0,9.0,8.5,12.2,8.1,5.7,9.0,9.0,8.3,13.6,0.5,-7.899999999999999,-4.1,2.8,0.3,5.7,1.3,7.4,82.5,17.5,2024,8.4,6.8,10.4,9.0,7.8,7.3,11.1,6.4,9.7,1.2000000000000002,9.4,5.8,15.0,10.0,8.8,6.2,16.1,5.4,14.2,1.1999999999999993,16.0,6.366666666666667,1.0,1.0,7.0,2.0,5.0,0.1428571428571428,,,,,,,,,,,,,,3.23741,14.59826,,99.45804,,-8.77243,99.5,99.5,78.0,99.0
YEM,Yemen,MENA,Low Income,2022.0,48.5,47.2,49.8,48.9,48.2,39.5,52.0,59.6,55.2,49.0,42.2,31.4,0.6999999999999957,28.200000000000003,12.5,16.8,15.7,18.1,19.0,14.6,12.1,18.6,26.3,17.0,13.3,12.9,11.6,4.4,14.7,6.500000000000002,1.5,1.3,1.8,1.4,1.7,1.5,1.5,1.2,1.6,1.5,1.6,1.7,-0.3,-0.5,0.0,8.5,8.4,39.4,0.8,0.7,42.3,57.7,2024,47.4,44.5,50.4,48.4,46.3,45.5,51.4,43.4,49.4,2.1000000000000014,1.7,1.2,2.4,1.8,1.6,1.3,2.5,1.1,2.2,0.1999999999999999,50.0,22.266666666666666,0.0,7.0,30.0,,,0.2333333333333333,29.392810000000004,12.08057,24.60497,18.5,17.1,19.2,26.5,21.0,13.3,19.5,14.0,12.5,2.099999999999998,22.07062,68.04319,54.8,,-15.5,21.67581,,,,50.0
ZAF,South Africa,ESA,Upper Middle Income,2017.0,21.3,18.7,24.2,24.9,17.8,19.5,23.6,,,,,,7.099999999999998,,4.100000000000001,3.6,,,,,,,,,,,,,,,11.8,10.1,13.7,12.0,11.6,11.4,12.3,,,,,,0.4000000000000003,,0.9000000000000004,2.9,0.5,17.8,3.1,8.5,67.2,32.8,2024,24.4,20.5,28.7,27.0,21.7,22.8,32.0,18.1,26.0,5.300000000000001,12.8,7.6,20.8,13.6,12.0,8.1,22.0,7.1,19.6,1.5999999999999996,33.1,12.233333333333334,0.0,1.0,4.0,1.0,3.0,0.25,69.81004,48.23456,48.93442,,,,,,,,,,,8.19847,19.48515,97.92231889402125,99.22904,3.198710348755867,4.04617,,,,74.0
ZMB,Zambia,ESA,Lower Middle Income,2018.0,34.6,33.4,35.8,38.3,31.0,32.1,35.9,40.1,36.7,32.9,35.3,23.9,7.299999999999997,16.200000000000003,3.799999999999997,4.2,3.7,4.9,4.8,3.7,5.0,3.8,4.3,3.9,3.0,4.8,5.6,1.0999999999999996,-1.2999999999999998,-1.2000000000000002,5.2,4.6,5.9,5.4,5.0,5.7,5.0,5.8,4.4,4.5,5.6,6.1,0.4000000000000003,-0.2999999999999998,-0.7000000000000002,3.2,1.0,31.1,2.5,2.7,59.4,40.6,2024,32.3,27.7,37.4,35.3,29.4,30.6,40.5,25.0,34.4,5.899999999999999,6.3,3.8,10.5,6.8,5.9,4.0,11.2,3.5,9.9,0.8999999999999995,39.8,14.66666666666667,0.0,5.0,29.0,3.0,26.0,0.1724137931034483,51.86734,35.79352,70.60862,,,,,,,,,,,12.10983,,75.4,86.50945,2.6000000000000085,,79.07,,96.85,90.0
ZWE,Zimbabwe,ESA,Lower Middle Income,2024.0,25.9,,,,,,,,,,,,,,,5.1,,,,,,,,,,,,,,,4.3,,,,,,,,,,,,,,,1.8,1.1,21.9,0.5,2.0,72.7,27.3,2024,23.7,21.3,26.3,26.1,21.3,23.7,28.9,19.1,23.8,4.800000000000001,4.0,2.9,5.4,4.2,3.7,3.1,5.9,2.7,5.1,0.5,30.2,11.766666666666666,0.0,5.0,34.0,2.0,32.0,0.1470588235294117,72.70504,44.92647,38.77383,,,,,,,,,,,13.99542,54.97931,89.0,93.18835,2.299999999999997,3.4254999999999995,69.86,93.92,76.64,96.0
